seed,dataset,run,model,samples,vector_rmse_mps,displacement_mae_m,speed_mae_mps,median_angle_deg,vector_r2,encoding
20260722,familiar corridor,bi_corr_400_a_03,graph interaction network,6000.0,0.15156485487087945,0.05127103491952853,0.07351784416831304,11.226622671851613,0.8837138092652146,"primary: 0.8 s, 3 m, 8 neighbours, <3 m/s"
20260722,familiar corridor,bi_corr_400_a_03,GEL-Ped,6000.0,0.14977641922374857,0.05053325254200021,0.07298697306207778,10.975636937211506,0.8864419267316952,"primary: 0.8 s, 3 m, 8 neighbours, <3 m/s"
20260722,familiar corridor,bi_corr_400_b_02,graph interaction network,3989.0,0.17275053581383543,0.05819424702426145,0.06464741897545613,4.6284753805820325,0.9808907512478626,"primary: 0.8 s, 3 m, 8 neighbours, <3 m/s"
20260722,familiar corridor,bi_corr_400_b_02,GEL-Ped,3989.0,0.17290148296404284,0.058143975173324994,0.06492366024508935,4.547766041425649,0.9808573418365236,"primary: 0.8 s, 3 m, 8 neighbours, <3 m/s"
20260722,familiar corridor,bi_corr_400_b_04,graph interaction network,6000.0,0.1750279348549831,0.058052394760708476,0.07900332470288612,10.303047128384565,0.899090628237497,"primary: 0.8 s, 3 m, 8 neighbours, <3 m/s"
20260722,familiar corridor,bi_corr_400_b_04,GEL-Ped,6000.0,0.1729792848693931,0.05746519802617113,0.07822906756387833,10.252311320892384,0.9014390320892713,"primary: 0.8 s, 3 m, 8 neighbours, <3 m/s"
20260722,familiar corridor,bi_corr_400_b_06,graph interaction network,6000.0,0.16856667226960556,0.05620040095018563,0.07824995792543162,12.981070894118702,0.8279042554294151,"primary: 0.8 s, 3 m, 8 neighbours, <3 m/s"
20260722,familiar corridor,bi_corr_400_b_06,GEL-Ped,6000.0,0.16690246530559044,0.05555905597690719,0.07706480690139444,12.99859187774799,0.8312855780675865,"primary: 0.8 s, 3 m, 8 neighbours, <3 m/s"
20260722,familiar corridor,bi_corr_400_b_10,graph interaction network,6000.0,0.14392539484556433,0.04867556560699571,0.06750460409535038,9.911681251158546,0.9045790118708988,"primary: 0.8 s, 3 m, 8 neighbours, <3 m/s"
20260722,familiar corridor,bi_corr_400_b_10,GEL-Ped,6000.0,0.14175790610214323,0.04781570133714855,0.06689611131672052,9.73893403942122,0.9074314140294077,"primary: 0.8 s, 3 m, 8 neighbours, <3 m/s"
20260722,altered geometry,bi_corr_400_a_04,graph interaction network,6000.0,0.15666531571713774,0.0521820613670925,0.07266661135639288,12.914109610235169,0.8255398139766514,"primary: 0.8 s, 3 m, 8 neighbours, <3 m/s"
20260722,altered geometry,bi_corr_400_a_04,GEL-Ped,6000.0,0.15518587081536886,0.051455836776196966,0.07158530123673025,12.62162276892487,0.8288192322411561,"primary: 0.8 s, 3 m, 8 neighbours, <3 m/s"
20260722,altered geometry,bi_corr_400_a_05,graph interaction network,6000.0,0.15131167982267954,0.05146087717251096,0.07111940327985602,12.993095556858956,0.8240135752362961,"primary: 0.8 s, 3 m, 8 neighbours, <3 m/s"
20260722,altered geometry,bi_corr_400_a_05,GEL-Ped,6000.0,0.1496115530520293,0.050782660583411354,0.07021425689449144,12.896125971409205,0.8279460983860149,"primary: 0.8 s, 3 m, 8 neighbours, <3 m/s"
20260722,altered geometry,bi_corr_400_b_08,graph interaction network,6000.0,0.16003684490050665,0.053743574611913696,0.07339329862715699,14.595868351285432,0.7699265019028304,"primary: 0.8 s, 3 m, 8 neighbours, <3 m/s"
20260722,altered geometry,bi_corr_400_b_08,GEL-Ped,6000.0,0.15724503593607123,0.052639265967520214,0.07172361790197496,14.316336816113633,0.7778836529643836,"primary: 0.8 s, 3 m, 8 neighbours, <3 m/s"
20260722,crossing topology,crossing_90_d_1,graph interaction network,6000.0,0.3910861198771116,0.12203353938306682,0.1874423221822102,8.887125851955242,0.8747179175927853,"primary: 0.8 s, 3 m, 8 neighbours, <3 m/s"
20260722,crossing topology,crossing_90_d_1,GEL-Ped,6000.0,0.3390923767721839,0.11570053121198004,0.18148822311871,8.266688438865975,0.9058153320228071,"primary: 0.8 s, 3 m, 8 neighbours, <3 m/s"
20260722,crossing topology,crossing_90_d_2,graph interaction network,6000.0,0.37377187968333553,0.1253201558888611,0.1882632713752169,7.167273040024108,0.9103221375842249,"primary: 0.8 s, 3 m, 8 neighbours, <3 m/s"
20260722,crossing topology,crossing_90_d_2,GEL-Ped,6000.0,0.3583139840864641,0.12013734756040798,0.18887082057589585,6.560330422798151,0.9175862806543609,"primary: 0.8 s, 3 m, 8 neighbours, <3 m/s"
20260722,crossing topology,crossing_90_d_3,graph interaction network,6000.0,0.3705885556893787,0.12400797969858318,0.1798990112187497,6.204115869823588,0.913504554876904,"primary: 0.8 s, 3 m, 8 neighbours, <3 m/s"
20260722,crossing topology,crossing_90_d_3,GEL-Ped,6000.0,0.35440241513349025,0.11850849790020584,0.17925359237162183,5.6319196336917265,0.9208952474252248,"primary: 0.8 s, 3 m, 8 neighbours, <3 m/s"
20260722,crossing topology,crossing_90_d_5,graph interaction network,6000.0,0.3745670810659682,0.12185997782941041,0.18412428983186113,8.624551080007773,0.8647933263418552,"primary: 0.8 s, 3 m, 8 neighbours, <3 m/s"
20260722,crossing topology,crossing_90_d_5,GEL-Ped,6000.0,0.3473638010448189,0.11891117545664182,0.18154362740900074,8.31404419358952,0.8837191943658473,"primary: 0.8 s, 3 m, 8 neighbours, <3 m/s"
20260722,crossing topology,crossing_90_d_6,graph interaction network,6000.0,0.3363659716694228,0.11357209702350833,0.17349858388672829,11.537758639053497,0.853958115807774,"primary: 0.8 s, 3 m, 8 neighbours, <3 m/s"
20260722,crossing topology,crossing_90_d_6,GEL-Ped,6000.0,0.33158791206793725,0.11198081912161068,0.17283068463119336,11.259597373150084,0.8580776808239162,"primary: 0.8 s, 3 m, 8 neighbours, <3 m/s"
20260722,crossing topology,crossing_90_d_7,graph interaction network,6000.0,0.3224979756702824,0.10874458074125869,0.1714652282814941,12.628193665652969,0.840645637461356,"primary: 0.8 s, 3 m, 8 neighbours, <3 m/s"
20260722,crossing topology,crossing_90_d_7,GEL-Ped,6000.0,0.3202075955431407,0.10800512951407491,0.17166799109863212,12.6086208164362,0.8429010687603797,"primary: 0.8 s, 3 m, 8 neighbours, <3 m/s"
20260722,crossing topology,crossing_90_d_8,graph interaction network,6000.0,0.3305456386538112,0.10907743179756531,0.17278009476355707,13.613681521577352,0.8255977691759617,"primary: 0.8 s, 3 m, 8 neighbours, <3 m/s"
20260722,crossing topology,crossing_90_d_8,GEL-Ped,6000.0,0.32551035071520457,0.10763651935541317,0.17232860279322842,13.294137728905152,0.830870728100491,"primary: 0.8 s, 3 m, 8 neighbours, <3 m/s"
20260722,crossing topology,crossing_90_e_1,graph interaction network,6000.0,0.3389548685682869,0.11473593414653137,0.1648303994719954,10.534880488053751,0.880086019133665,"primary: 0.8 s, 3 m, 8 neighbours, <3 m/s"
20260722,crossing topology,crossing_90_e_1,GEL-Ped,6000.0,0.32981065048209296,0.11169819445752178,0.16390017019012967,9.994214111495438,0.8864687497694211,"primary: 0.8 s, 3 m, 8 neighbours, <3 m/s"
20260722,crossing topology,crossing_90_e_2,graph interaction network,6000.0,0.376408332960855,0.12526697299953174,0.17813104355409815,12.745742882801613,0.8477539041437565,"primary: 0.8 s, 3 m, 8 neighbours, <3 m/s"
20260722,crossing topology,crossing_90_e_2,GEL-Ped,6000.0,0.36951552080493777,0.12311937274658419,0.1782227933373737,12.160422148532078,0.8532787306514686,"primary: 0.8 s, 3 m, 8 neighbours, <3 m/s"
20260722,crossing topology,crossing_90_e_3,graph interaction network,6000.0,0.3878677580316745,0.13134947048868378,0.19116328650579445,11.571887273773148,0.8225066432341568,"primary: 0.8 s, 3 m, 8 neighbours, <3 m/s"
20260722,crossing topology,crossing_90_e_3,GEL-Ped,6000.0,0.3847888535392166,0.1303141010151998,0.19060124554971775,11.357949000472026,0.8253133528701813,"primary: 0.8 s, 3 m, 8 neighbours, <3 m/s"
20260722,crossing topology,crossing_90_e_4,graph interaction network,6000.0,0.36349838851096433,0.12160033394797579,0.17492808108235502,14.620590699789844,0.8077677796453705,"primary: 0.8 s, 3 m, 8 neighbours, <3 m/s"
20260722,crossing topology,crossing_90_e_4,GEL-Ped,6000.0,0.3594668721106765,0.12033172958125633,0.174049556410145,14.60325469588113,0.8120081819590239,"primary: 0.8 s, 3 m, 8 neighbours, <3 m/s"
20260722,crossing topology,crossing_90_e_5,graph interaction network,6000.0,0.34423565323358246,0.11611252793185117,0.169891739346978,15.928860703245377,0.7898336186703558,"primary: 0.8 s, 3 m, 8 neighbours, <3 m/s"
20260722,crossing topology,crossing_90_e_5,GEL-Ped,6000.0,0.34249298474398887,0.11542892224148296,0.16902356931263238,15.732527649887174,0.7919561371763317,"primary: 0.8 s, 3 m, 8 neighbours, <3 m/s"
20260722,crossing topology,crossing_90_e_6,graph interaction network,6000.0,0.3440893507270581,0.11461710529906932,0.16772666080733598,14.738875884712064,0.8267747962330525,"primary: 0.8 s, 3 m, 8 neighbours, <3 m/s"
20260722,crossing topology,crossing_90_e_6,GEL-Ped,6000.0,0.33915061125846346,0.11296573197516771,0.16739365009628318,14.284961083306172,0.8317117378768459,"primary: 0.8 s, 3 m, 8 neighbours, <3 m/s"
20260722,familiar corridor,bi_corr_400_a_03,graph interaction network,6000.0,0.1715183764877685,0.059028641359685136,0.08227242954308332,12.791572124339819,0.8736305191089533,short history: 0.4 s
20260722,familiar corridor,bi_corr_400_a_03,GEL-Ped,6000.0,0.16974274881902357,0.05831399598111253,0.08132465835324232,12.724631995300594,0.8762334318508747,short history: 0.4 s
20260722,familiar corridor,bi_corr_400_b_02,graph interaction network,4507.0,0.18721830033985068,0.06388993838288608,0.06516415235420249,5.359576615532615,0.9778076313849455,short history: 0.4 s
20260722,familiar corridor,bi_corr_400_b_02,GEL-Ped,4507.0,0.18590727916390618,0.06359635834633383,0.0650173281460482,5.307313019074045,0.9781173531963798,short history: 0.4 s
20260722,familiar corridor,bi_corr_400_b_04,graph interaction network,6000.0,0.18281080573761777,0.06218426724802243,0.08273143198081312,11.427572599229528,0.8961383188565814,short history: 0.4 s
20260722,familiar corridor,bi_corr_400_b_04,GEL-Ped,6000.0,0.18127399778713557,0.06171963624942425,0.08160006361117911,11.509374958882141,0.8978772155167505,short history: 0.4 s
20260722,familiar corridor,bi_corr_400_b_06,graph interaction network,6000.0,0.18451256197910929,0.06311248045324548,0.08641494154421525,14.370770235469456,0.830779702533727,short history: 0.4 s
20260722,familiar corridor,bi_corr_400_b_06,GEL-Ped,6000.0,0.18289324949460437,0.062410623821762094,0.08457712823022785,14.361692457580151,0.833736879137925,short history: 0.4 s
20260722,familiar corridor,bi_corr_400_b_10,graph interaction network,6000.0,0.16872613387867888,0.057796306561616564,0.07572398606871893,12.612322498543024,0.8795970815710429,short history: 0.4 s
20260722,familiar corridor,bi_corr_400_b_10,GEL-Ped,6000.0,0.16609410777678602,0.056859783040735516,0.07462016727611936,12.544906057793964,0.8833242086491546,short history: 0.4 s
20260722,altered geometry,bi_corr_400_a_04,graph interaction network,6000.0,0.1764976453206636,0.060077296491491294,0.08408455833482995,14.465341671897558,0.8279703273214946,short history: 0.4 s
20260722,altered geometry,bi_corr_400_a_04,GEL-Ped,6000.0,0.1742639087007204,0.05922235093069376,0.0823978496836294,14.69616085617735,0.8322971538229925,short history: 0.4 s
20260722,altered geometry,bi_corr_400_a_05,graph interaction network,6000.0,0.1758059608296535,0.06008004909941775,0.08199168943559923,15.288488957522564,0.8047858095085109,short history: 0.4 s
20260722,altered geometry,bi_corr_400_a_05,GEL-Ped,6000.0,0.17377885390019326,0.05925377918350042,0.08059802499594945,15.028805078213276,0.80926163772437,short history: 0.4 s
20260722,altered geometry,bi_corr_400_b_08,graph interaction network,6000.0,0.17959911527916192,0.06110228973871484,0.08519446085664029,16.11532883026028,0.7801129325666067,short history: 0.4 s
20260722,altered geometry,bi_corr_400_b_08,GEL-Ped,6000.0,0.17596606463273282,0.05993525591228608,0.08300917129563555,15.968976234430201,0.7889189994147685,short history: 0.4 s
20260722,crossing topology,crossing_90_d_1,graph interaction network,6000.0,0.39880412732319354,0.12512329041164708,0.1706353153294319,9.55388969431558,0.8731403135214819,short history: 0.4 s
20260722,crossing topology,crossing_90_d_1,GEL-Ped,6000.0,0.3518081624708991,0.1205745386902482,0.16294535358187828,9.128054147868246,0.9012774946542333,short history: 0.4 s
20260722,crossing topology,crossing_90_d_2,graph interaction network,6000.0,0.37878901760794226,0.1275808600763365,0.172027295496237,7.674199644586496,0.9108971246382661,short history: 0.4 s
20260722,crossing topology,crossing_90_d_2,GEL-Ped,6000.0,0.365173925261452,0.12373483448897733,0.17006830147267016,7.351304353969096,0.9171873883975652,short history: 0.4 s
20260722,crossing topology,crossing_90_d_3,graph interaction network,6000.0,0.3773034092421915,0.12762199748090652,0.15633566749909644,6.9809737902338735,0.9106358500520603,short history: 0.4 s
20260722,crossing topology,crossing_90_d_3,GEL-Ped,6000.0,0.36124159867248734,0.12256749527565672,0.1557911157334399,6.564470125117791,0.9180823696411106,short history: 0.4 s
20260722,crossing topology,crossing_90_d_5,graph interaction network,6000.0,0.396094981445609,0.1275896211897143,0.16846745970573657,9.710237425605625,0.8511438954390178,short history: 0.4 s
20260722,crossing topology,crossing_90_d_5,GEL-Ped,6000.0,0.36319963464196925,0.12463619026859254,0.1635156595597097,9.626148007710782,0.8748419535289942,short history: 0.4 s
20260722,crossing topology,crossing_90_d_6,graph interaction network,6000.0,0.3455127351687516,0.11711034404321614,0.15924392464992412,11.983630239951815,0.8505772048976815,short history: 0.4 s
20260722,crossing topology,crossing_90_d_6,GEL-Ped,6000.0,0.34348539238356424,0.11671093976432814,0.1578280014465277,12.23927060428865,0.8523255773878671,short history: 0.4 s
20260722,crossing topology,crossing_90_d_7,graph interaction network,6000.0,0.3360453108668607,0.11327266585505291,0.1598642799097789,12.911236728676885,0.8405881758047198,short history: 0.4 s
20260722,crossing topology,crossing_90_d_7,GEL-Ped,6000.0,0.33630889747154696,0.1138119761619046,0.1583642966413475,13.376298677991134,0.8403379994180824,short history: 0.4 s
20260722,crossing topology,crossing_90_d_8,graph interaction network,6000.0,0.34261705188075975,0.11355302613173922,0.1700022515870346,13.88885020123821,0.8237411700439417,short history: 0.4 s
20260722,crossing topology,crossing_90_d_8,GEL-Ped,6000.0,0.3399021406413625,0.11330013221051552,0.16849286247877107,14.011592156855775,0.8265234667335424,short history: 0.4 s
20260722,crossing topology,crossing_90_e_1,graph interaction network,6000.0,0.35826591720666495,0.121506392595398,0.15480668518774954,11.365328438633426,0.8689390845777973,short history: 0.4 s
20260722,crossing topology,crossing_90_e_1,GEL-Ped,6000.0,0.3507233117256028,0.11958150723984418,0.15279644315730312,11.10798627245719,0.8743994692352671,short history: 0.4 s
20260722,crossing topology,crossing_90_e_2,graph interaction network,6000.0,0.3853859907331479,0.12964453181544647,0.16338052561660513,13.140796661992775,0.8457565341424891,short history: 0.4 s
20260722,crossing topology,crossing_90_e_2,GEL-Ped,6000.0,0.3798721685052113,0.1287437348902878,0.16380892522499305,13.251910503089725,0.8501385672755126,short history: 0.4 s
20260722,crossing topology,crossing_90_e_3,graph interaction network,6000.0,0.3929744828802698,0.1338594925502593,0.17046542726924904,12.924130337548497,0.816952776437079,short history: 0.4 s
20260722,crossing topology,crossing_90_e_3,GEL-Ped,6000.0,0.38944312683299487,0.1336067880441782,0.1690218129100155,13.267025590899197,0.8202278010443159,short history: 0.4 s
20260722,crossing topology,crossing_90_e_4,graph interaction network,6000.0,0.37593401756538364,0.127267162621821,0.1641503614997161,16.365390780170813,0.7900123665294062,short history: 0.4 s
20260722,crossing topology,crossing_90_e_4,GEL-Ped,6000.0,0.3747006976993701,0.12766641336548987,0.16204379499752625,16.820719825545897,0.7913879116477931,short history: 0.4 s
20260722,crossing topology,crossing_90_e_5,graph interaction network,6000.0,0.3668405602137318,0.12399252421409267,0.16154592472861964,17.63831008514195,0.7628478101087364,short history: 0.4 s
20260722,crossing topology,crossing_90_e_5,GEL-Ped,6000.0,0.3673043806337696,0.12499018165034462,0.16061608508086048,18.18835035599718,0.7622477370642695,short history: 0.4 s
20260722,crossing topology,crossing_90_e_6,graph interaction network,6000.0,0.35873784366073025,0.12080577613982112,0.16509258725336506,15.402536464075517,0.8188612775392595,short history: 0.4 s
20260722,crossing topology,crossing_90_e_6,GEL-Ped,6000.0,0.35632011598265717,0.1204526420527144,0.16398193134446845,15.743863386079187,0.8212946329262228,short history: 0.4 s
20260722,familiar corridor,bi_corr_400_a_03,graph interaction network,6000.0,0.15043034515172293,0.050779933111360955,0.07366962470473606,10.805088316747836,0.8854481698266016,"wider field: 5 m, 12 neighbours"
20260722,familiar corridor,bi_corr_400_a_03,GEL-Ped,6000.0,0.14822942887970458,0.049942892349203294,0.07331271997606575,10.567069878511932,0.8887756186275246,"wider field: 5 m, 12 neighbours"
20260722,familiar corridor,bi_corr_400_b_02,graph interaction network,3989.0,0.17289211513179278,0.0581149284851622,0.06497769284857167,4.477161367733347,0.9808594160853904,"wider field: 5 m, 12 neighbours"
20260722,familiar corridor,bi_corr_400_b_02,GEL-Ped,3989.0,0.17188166474233108,0.05781858240824102,0.06512650480710272,4.495434522147072,0.9810824926940669,"wider field: 5 m, 12 neighbours"
20260722,familiar corridor,bi_corr_400_b_04,graph interaction network,6000.0,0.17302333246960866,0.05741892629351319,0.07888053252869306,10.065550127640952,0.9013888303918789,"wider field: 5 m, 12 neighbours"
20260722,familiar corridor,bi_corr_400_b_04,GEL-Ped,6000.0,0.17106545155941064,0.05688158895906103,0.07826103768749806,10.089357296531176,0.9036079134288658,"wider field: 5 m, 12 neighbours"
20260722,familiar corridor,bi_corr_400_b_06,graph interaction network,6000.0,0.16734016318301156,0.05586985512555148,0.07818999544796844,12.91045743300375,0.8303995183694233,"wider field: 5 m, 12 neighbours"
20260722,familiar corridor,bi_corr_400_b_06,GEL-Ped,6000.0,0.16549244359246604,0.05512245630756715,0.07707135751835319,12.798667543318711,0.8341241955209034,"wider field: 5 m, 12 neighbours"
20260722,familiar corridor,bi_corr_400_b_10,graph interaction network,6000.0,0.1431199961509252,0.04826161300023744,0.06712497227889272,10.006640416306267,0.9056439651367619,"wider field: 5 m, 12 neighbours"
20260722,familiar corridor,bi_corr_400_b_10,GEL-Ped,6000.0,0.14074186214387965,0.04738528995042279,0.06671511997251367,9.58125926753599,0.9087536216138321,"wider field: 5 m, 12 neighbours"
20260722,altered geometry,bi_corr_400_a_04,graph interaction network,6000.0,0.1558535124367675,0.05198279348322213,0.07321895983046207,12.719726361338914,0.8273431539264091,"wider field: 5 m, 12 neighbours"
20260722,altered geometry,bi_corr_400_a_04,GEL-Ped,6000.0,0.15405713988942946,0.05111707309993491,0.07200111519738134,12.381664815277135,0.8313003131781054,"wider field: 5 m, 12 neighbours"
20260722,altered geometry,bi_corr_400_a_05,graph interaction network,6000.0,0.1509113876646795,0.05125333870188353,0.07118304350101742,13.086852239415332,0.8249434810317396,"wider field: 5 m, 12 neighbours"
20260722,altered geometry,bi_corr_400_a_05,GEL-Ped,6000.0,0.1487484921704557,0.05043557494399209,0.07030328534422749,12.804967110840762,0.8299254199671783,"wider field: 5 m, 12 neighbours"
20260722,altered geometry,bi_corr_400_b_08,graph interaction network,6000.0,0.16034972155656038,0.053869287624546014,0.07380636454766207,14.714868339459533,0.7690260218566428,"wider field: 5 m, 12 neighbours"
20260722,altered geometry,bi_corr_400_b_08,GEL-Ped,6000.0,0.15699315694679533,0.0525345725086417,0.07196135444603591,14.39169687111481,0.7785946659698304,"wider field: 5 m, 12 neighbours"
20260722,crossing topology,crossing_90_d_1,graph interaction network,6000.0,0.40099828090360584,0.12599539793166034,0.1881878837081061,9.489578692827159,0.8682868367725187,"wider field: 5 m, 12 neighbours"
20260722,crossing topology,crossing_90_d_1,GEL-Ped,6000.0,0.34029819546160756,0.11615819072775276,0.18282354041104282,8.192263325275917,0.9051442962311316,"wider field: 5 m, 12 neighbours"
20260722,crossing topology,crossing_90_d_2,graph interaction network,6000.0,0.3883245070797779,0.13069900730129072,0.18850982669259103,7.859155680298898,0.9032030668020365,"wider field: 5 m, 12 neighbours"
20260722,crossing topology,crossing_90_d_2,GEL-Ped,6000.0,0.35871454318558693,0.12040754778227603,0.18949243772694527,6.704454332245643,0.9174019171159394,"wider field: 5 m, 12 neighbours"
20260722,crossing topology,crossing_90_d_3,graph interaction network,6000.0,0.3833279427271392,0.12916278144519866,0.17957481506887052,6.800632387232062,0.9074555907293579,"wider field: 5 m, 12 neighbours"
20260722,crossing topology,crossing_90_d_3,GEL-Ped,6000.0,0.3554402668592361,0.11879245407698812,0.1794374671387734,5.644355761309484,0.920431259528381,"wider field: 5 m, 12 neighbours"
20260722,crossing topology,crossing_90_d_5,graph interaction network,6000.0,0.3809842681132933,0.12337245743614676,0.1839497904463868,8.857155552427557,0.8601208447521481,"wider field: 5 m, 12 neighbours"
20260722,crossing topology,crossing_90_d_5,GEL-Ped,6000.0,0.3488958872122645,0.11936628474322514,0.18214754151156656,8.281200598575385,0.882691193789736,"wider field: 5 m, 12 neighbours"
20260722,crossing topology,crossing_90_d_6,graph interaction network,6000.0,0.33909962446885733,0.11463475827165844,0.174878069499571,11.660800962813125,0.8515746994970167,"wider field: 5 m, 12 neighbours"
20260722,crossing topology,crossing_90_d_6,GEL-Ped,6000.0,0.3321100958360081,0.11231994690405962,0.17490076094915769,11.30763380128257,0.8576303310717174,"wider field: 5 m, 12 neighbours"
20260722,crossing topology,crossing_90_d_7,graph interaction network,6000.0,0.32494407139339926,0.10953625158088046,0.17271080232372016,12.70388931072703,0.8382191149742018,"wider field: 5 m, 12 neighbours"
20260722,crossing topology,crossing_90_d_7,GEL-Ped,6000.0,0.32145972915824,0.10850139036755234,0.1736340098091076,12.70283943150763,0.8416700332777786,"wider field: 5 m, 12 neighbours"
20260722,crossing topology,crossing_90_d_8,graph interaction network,6000.0,0.3324604210621255,0.10993544496427238,0.174668840506955,13.662221005449485,0.8235713648690302,"wider field: 5 m, 12 neighbours"
20260722,crossing topology,crossing_90_d_8,GEL-Ped,6000.0,0.3268568165267535,0.10824488654685238,0.17470370135784705,13.112396282168152,0.8294686358164906,"wider field: 5 m, 12 neighbours"
20260722,crossing topology,crossing_90_e_1,graph interaction network,6000.0,0.34761074356607685,0.11780802091233478,0.16492347594144852,11.09955425608615,0.8738833432002018,"wider field: 5 m, 12 neighbours"
20260722,crossing topology,crossing_90_e_1,GEL-Ped,6000.0,0.33058497379020724,0.11204580424451627,0.16482377656998165,9.987338936634023,0.8859350308629516,"wider field: 5 m, 12 neighbours"
20260722,crossing topology,crossing_90_e_2,graph interaction network,6000.0,0.38621300992084234,0.12866223063408522,0.17729540881708136,13.389671095679118,0.8397191988727823,"wider field: 5 m, 12 neighbours"
20260722,crossing topology,crossing_90_e_2,GEL-Ped,6000.0,0.37055085600732846,0.12354073859554271,0.1786892174809233,12.450367012538203,0.8524553903764851,"wider field: 5 m, 12 neighbours"
20260722,crossing topology,crossing_90_e_3,graph interaction network,6000.0,0.3970326860226269,0.13454980699196156,0.19063505191584795,12.160026107694737,0.8140195616880351,"wider field: 5 m, 12 neighbours"
20260722,crossing topology,crossing_90_e_3,GEL-Ped,6000.0,0.38751304652728275,0.1313698686645207,0.19146709206657564,11.630524107214935,0.822831136032534,"wider field: 5 m, 12 neighbours"
20260722,crossing topology,crossing_90_e_4,graph interaction network,6000.0,0.36629976545598136,0.12285322027505088,0.17465805196398337,14.923010582443201,0.8047934060767061,"wider field: 5 m, 12 neighbours"
20260722,crossing topology,crossing_90_e_4,GEL-Ped,6000.0,0.3610563615481447,0.12104285757170918,0.17547635400853293,14.669147875570577,0.8103419830788949,"wider field: 5 m, 12 neighbours"
20260722,crossing topology,crossing_90_e_5,graph interaction network,6000.0,0.34603250730416263,0.11684308802595789,0.16996958903692067,15.88933563303434,0.7876338237362426,"wider field: 5 m, 12 neighbours"
20260722,crossing topology,crossing_90_e_5,GEL-Ped,6000.0,0.34323252463374565,0.1157620243013675,0.1704834389833071,15.830181273047705,0.7910567152757872,"wider field: 5 m, 12 neighbours"
20260722,crossing topology,crossing_90_e_6,graph interaction network,6000.0,0.3463430354584987,0.11526188934527365,0.16818648644328985,14.745944694588713,0.8244982161378188,"wider field: 5 m, 12 neighbours"
20260722,crossing topology,crossing_90_e_6,GEL-Ped,6000.0,0.339970300156692,0.11326129669629431,0.16878459599049708,14.200560495953917,0.8308972872276421,"wider field: 5 m, 12 neighbours"
20260722,familiar corridor,bi_corr_400_a_03,graph interaction network,6000.0,0.15156485487087945,0.05127103491952853,0.07351784416831304,11.226622671851613,0.8837138092652146,all observed speeds
20260722,familiar corridor,bi_corr_400_a_03,GEL-Ped,6000.0,0.14977641922374857,0.05053325254200021,0.07298697306207778,10.975636937211506,0.8864419267316952,all observed speeds
20260722,familiar corridor,bi_corr_400_b_02,graph interaction network,3989.0,0.17275053581383543,0.05819424702426145,0.06464741897545613,4.6284753805820325,0.9808907512478626,all observed speeds
20260722,familiar corridor,bi_corr_400_b_02,GEL-Ped,3989.0,0.17290148296404284,0.058143975173324994,0.06492366024508935,4.547766041425649,0.9808573418365236,all observed speeds
20260722,familiar corridor,bi_corr_400_b_04,graph interaction network,6000.0,0.1750279348549831,0.058052394760708476,0.07900332470288612,10.303047128384565,0.899090628237497,all observed speeds
20260722,familiar corridor,bi_corr_400_b_04,GEL-Ped,6000.0,0.1729792848693931,0.05746519802617113,0.07822906756387833,10.252311320892384,0.9014390320892713,all observed speeds
20260722,familiar corridor,bi_corr_400_b_06,graph interaction network,6000.0,0.16856667226960556,0.05620040095018563,0.07824995792543162,12.981070894118702,0.8279042554294151,all observed speeds
20260722,familiar corridor,bi_corr_400_b_06,GEL-Ped,6000.0,0.16690246530559044,0.05555905597690719,0.07706480690139444,12.99859187774799,0.8312855780675865,all observed speeds
20260722,familiar corridor,bi_corr_400_b_10,graph interaction network,6000.0,0.14392539484556433,0.04867556560699571,0.06750460409535038,9.911681251158546,0.9045790118708988,all observed speeds
20260722,familiar corridor,bi_corr_400_b_10,GEL-Ped,6000.0,0.14175790610214323,0.04781570133714855,0.06689611131672052,9.73893403942122,0.9074314140294077,all observed speeds
20260722,altered geometry,bi_corr_400_a_04,graph interaction network,6000.0,0.15666531571713774,0.0521820613670925,0.07266661135639288,12.914109610235169,0.8255398139766514,all observed speeds
20260722,altered geometry,bi_corr_400_a_04,GEL-Ped,6000.0,0.15518587081536886,0.051455836776196966,0.07158530123673025,12.62162276892487,0.8288192322411561,all observed speeds
20260722,altered geometry,bi_corr_400_a_05,graph interaction network,6000.0,0.15131167982267954,0.05146087717251096,0.07111940327985602,12.993095556858956,0.8240135752362961,all observed speeds
20260722,altered geometry,bi_corr_400_a_05,GEL-Ped,6000.0,0.1496115530520293,0.050782660583411354,0.07021425689449144,12.896125971409205,0.8279460983860149,all observed speeds
20260722,altered geometry,bi_corr_400_b_08,graph interaction network,6000.0,0.16003684490050665,0.053743574611913696,0.07339329862715699,14.595868351285432,0.7699265019028304,all observed speeds
20260722,altered geometry,bi_corr_400_b_08,GEL-Ped,6000.0,0.15724503593607123,0.052639265967520214,0.07172361790197496,14.316336816113633,0.7778836529643836,all observed speeds
20260722,crossing topology,crossing_90_d_1,graph interaction network,6000.0,0.3583826043632344,0.11975093549942464,0.1831021989601182,8.772096943066314,0.8952501722948322,all observed speeds
20260722,crossing topology,crossing_90_d_1,GEL-Ped,6000.0,0.3343596884895122,0.11428049753866287,0.1798718720878879,8.045859855268942,0.9088225800334805,all observed speeds
20260722,crossing topology,crossing_90_d_2,graph interaction network,6000.0,0.3871630945739154,0.12686825251339914,0.1916228478732279,7.151029521637348,0.9057159161604184,all observed speeds
20260722,crossing topology,crossing_90_d_2,GEL-Ped,6000.0,0.3721315796286126,0.1218188116589381,0.19191724076631977,6.678483841370944,0.9128949101059932,all observed speeds
20260722,crossing topology,crossing_90_d_3,graph interaction network,6000.0,0.37306235603051596,0.12441617579496776,0.18054740068263267,6.152955757668478,0.9122012184081004,all observed speeds
20260722,crossing topology,crossing_90_d_3,GEL-Ped,6000.0,0.3573600473381691,0.11884940864237986,0.1797850812683141,5.523694573038183,0.9194366297794969,all observed speeds
20260722,crossing topology,crossing_90_d_5,graph interaction network,6000.0,0.38517947990450335,0.1211671911187478,0.18396962665276592,8.626910300184228,0.8599387189532376,all observed speeds
20260722,crossing topology,crossing_90_d_5,GEL-Ped,6000.0,0.3830754906061132,0.11937086413249354,0.18435191682073548,8.297757382387088,0.861464670397801,all observed speeds
20260722,crossing topology,crossing_90_d_6,graph interaction network,6000.0,0.3447719981292997,0.1131424942964927,0.17338855160382488,11.135376873163837,0.8512867671730054,all observed speeds
20260722,crossing topology,crossing_90_d_6,GEL-Ped,6000.0,0.34108761584279884,0.11166137187963339,0.17257641568031368,10.906034823537745,0.8544482116537295,all observed speeds
20260722,crossing topology,crossing_90_d_7,graph interaction network,6000.0,0.333158903031599,0.10898382301067187,0.16938694639548668,12.849877711534429,0.8333763833292861,all observed speeds
20260722,crossing topology,crossing_90_d_7,GEL-Ped,6000.0,0.33239724249829333,0.1079609208147631,0.1694537256362475,12.58258704731022,0.8341373749248102,all observed speeds
20260722,crossing topology,crossing_90_d_8,graph interaction network,6000.0,0.44638088332567843,0.11072403678195897,0.17964813846388045,13.47072777817044,0.7189923032750954,all observed speeds
20260722,crossing topology,crossing_90_d_8,GEL-Ped,6000.0,0.43950688031402585,0.10940194910302026,0.17945366047027514,13.078396978994059,0.7275803710246128,all observed speeds
20260722,crossing topology,crossing_90_e_1,graph interaction network,6000.0,0.3404490783085228,0.11545563802475296,0.16495064523722353,10.549269349034503,0.8800839310731761,all observed speeds
20260722,crossing topology,crossing_90_e_1,GEL-Ped,6000.0,0.3307081353452626,0.11215260383662554,0.16411677088223442,9.903665232656113,0.8868478488615914,all observed speeds
20260722,crossing topology,crossing_90_e_2,graph interaction network,6000.0,0.3790642569907717,0.12665317894100545,0.18237891414737736,12.890376484956226,0.8478410861608199,all observed speeds
20260722,crossing topology,crossing_90_e_2,GEL-Ped,6000.0,0.37240314365376054,0.12463363682787164,0.18218231126436701,12.392700291240772,0.8531417308866815,all observed speeds
20260722,crossing topology,crossing_90_e_3,graph interaction network,6000.0,0.3878677580316745,0.13134947048868378,0.19116328650579445,11.571887273773148,0.8225066432341568,all observed speeds
20260722,crossing topology,crossing_90_e_3,GEL-Ped,6000.0,0.3847888535392166,0.1303141010151998,0.19060124554971775,11.357949000472026,0.8253133528701813,all observed speeds
20260722,crossing topology,crossing_90_e_4,graph interaction network,6000.0,0.3708978661963659,0.12357778862141029,0.1780622939520159,14.890841597492441,0.8015610978626033,all observed speeds
20260722,crossing topology,crossing_90_e_4,GEL-Ped,6000.0,0.36669415609603145,0.12219836237625237,0.17693289288326855,14.454162598019945,0.8060337705253661,all observed speeds
20260722,crossing topology,crossing_90_e_5,graph interaction network,6000.0,0.3494059821036135,0.11721436669483909,0.169971584080238,16.047002831656147,0.7838941540814572,all observed speeds
20260722,crossing topology,crossing_90_e_5,GEL-Ped,6000.0,0.3454487048039187,0.11612739304892537,0.16897055912075878,16.083455079172815,0.7887615460137892,all observed speeds
20260722,crossing topology,crossing_90_e_6,graph interaction network,6000.0,0.3403051373466306,0.11369778165910614,0.16660954423948215,14.797118043649384,0.830918164619768,all observed speeds
20260722,crossing topology,crossing_90_e_6,GEL-Ped,6000.0,0.3368690968074341,0.11235075283584772,0.16643811144408518,14.517018714059496,0.8343153453112412,all observed speeds
