seed,dataset,run,model,vector_rmse_mps,displacement_mae_m,speed_mae_mps,median_angle_deg,vector_r2,samples
20260722,corridor held-out,bi_corr_400_a_03,interaction_mlp,0.17101286770556623,0.058460229217402876,0.07782468075903518,13.275255710752983,0.8743743081652794,6000.0
20260722,corridor held-out,bi_corr_400_a_03,tensor_residual,0.18013092380399257,0.06100654264930529,0.07713682891941655,14.264499660882567,0.8606209693800664,6000.0
20260722,corridor held-out,bi_corr_400_a_03,gel_ped,0.1725906661220173,0.058822276127205246,0.07641721470330003,13.737062603738844,0.8720455197895183,6000.0
20260722,corridor held-out,bi_corr_400_b_02,interaction_mlp,0.19332791075742403,0.06470513976282825,0.06556030581758253,5.132760260261998,0.9763355630142618,4507.0
20260722,corridor held-out,bi_corr_400_b_02,tensor_residual,0.20426175765670762,0.06834973945953651,0.07036229140264452,5.474347527281779,0.9735831402571633,4507.0
20260722,corridor held-out,bi_corr_400_b_02,gel_ped,0.19589033224464925,0.06546291869522218,0.06662561730944082,5.211315224420224,0.975704095786325,4507.0
20260722,corridor held-out,bi_corr_400_b_04,interaction_mlp,0.188681764299569,0.0638551606643648,0.07946151832044232,12.120632232305573,0.8893601751918999,6000.0
20260722,corridor held-out,bi_corr_400_b_04,tensor_residual,0.19599104846269333,0.06612150798217128,0.08220111692033485,12.500184811014206,0.8806220560537377,6000.0
20260722,corridor held-out,bi_corr_400_b_04,gel_ped,0.19033940325159235,0.06436697489769094,0.08008852986043175,12.209370720593085,0.8874076123020836,6000.0
20260722,corridor held-out,bi_corr_400_b_06,interaction_mlp,0.1901117045011234,0.06441915294308145,0.08309041421339936,15.470060289732771,0.8203536957354796,6000.0
20260722,corridor held-out,bi_corr_400_b_06,tensor_residual,0.1993221669745809,0.06730172074210183,0.08498226621229962,16.662962926522955,0.8025251575547558,6000.0
20260722,corridor held-out,bi_corr_400_b_06,gel_ped,0.19177284340202463,0.0649244475045772,0.08334909993371993,15.803716419995816,0.8172005894474332,6000.0
20260722,corridor held-out,bi_corr_400_b_10,interaction_mlp,0.16633955599772624,0.05651697152715543,0.06928729958025513,12.798231799700718,0.8829791148245872,6000.0
20260722,corridor held-out,bi_corr_400_b_10,tensor_residual,0.17458570174805169,0.05937170179431455,0.07171020985403388,13.3708227597996,0.8710890975041572,6000.0
20260722,corridor held-out,bi_corr_400_b_10,gel_ped,0.16826566064929813,0.05722388424874878,0.0695643610780313,13.02459860823173,0.8802533719172347,6000.0
20260722,altered geometry,bi_corr_400_a_04,interaction_mlp,0.1800637891705431,0.060779960208861145,0.08044996169249881,15.467387719483957,0.8209483607546204,6000.0
20260722,altered geometry,bi_corr_400_a_04,tensor_residual,0.18934533749469612,0.06392891250116657,0.0812429287235068,16.50526266581058,0.8020138720334807,6000.0
20260722,altered geometry,bi_corr_400_a_04,gel_ped,0.18114560890814202,0.06120414872192457,0.07978692221702871,15.855298556933121,0.8187904202159715,6000.0
20260722,altered geometry,bi_corr_400_a_05,interaction_mlp,0.17525198233404954,0.0596797184620972,0.07696998375175258,15.73248325461414,0.8060141418947158,6000.0
20260722,altered geometry,bi_corr_400_a_05,tensor_residual,0.18220692493302748,0.06212501414140956,0.07644231846634947,16.58739363101367,0.7903118203836254,6000.0
20260722,altered geometry,bi_corr_400_a_05,gel_ped,0.17629228405905117,0.060005404222221115,0.07565695208491736,16.058502290979806,0.8037042932151909,6000.0
20260722,altered geometry,bi_corr_400_b_08,interaction_mlp,0.18414933711452536,0.06245417562867015,0.08125162887944767,17.235507656182342,0.7688299211972822,6000.0
20260722,altered geometry,bi_corr_400_b_08,tensor_residual,0.1912058119641989,0.06457745570417255,0.08403570327389369,18.50275399131475,0.7507739240622149,6000.0
20260722,altered geometry,bi_corr_400_b_08,gel_ped,0.18465044955478901,0.06254095876078337,0.08178458001189057,17.475590916765277,0.7675700761098266,6000.0
20260722,crossing external,crossing_90_d_1,interaction_mlp,0.3672119246563919,0.12680426639466613,0.20325337553003678,8.420069183385335,0.8924431940359212,6000.0
20260722,crossing external,crossing_90_d_1,tensor_residual,0.3459747116357994,0.11915968943273268,0.17862227476553358,8.504316764426692,0.9045242547029099,6000.0
20260722,crossing external,crossing_90_d_1,gel_ped,0.35061911027681203,0.12119954613520317,0.18838916825651067,8.372642476518134,0.9019436977234034,6000.0
20260722,crossing external,crossing_90_d_2,interaction_mlp,0.38278258315498276,0.13203191101538525,0.22663006395175683,6.5530198372414254,0.9090084005508728,6000.0
20260722,crossing external,crossing_90_d_2,tensor_residual,0.35866083282186156,0.12249124562555283,0.19218524595985462,6.763754682983402,0.9201150686089766,6000.0
20260722,crossing external,crossing_90_d_2,gel_ped,0.36313132491925754,0.12475016768934964,0.20533331367375077,6.4804811593055485,0.9181112221013723,6000.0
20260722,crossing external,crossing_90_d_3,interaction_mlp,0.3589864735198246,0.12361279853426106,0.19647787995423754,5.799690134474346,0.9191019525890222,6000.0
20260722,crossing external,crossing_90_d_3,tensor_residual,0.3457402310129571,0.11918465003517985,0.1768322555986279,5.988239889960119,0.9249619213410414,6000.0
20260722,crossing external,crossing_90_d_3,gel_ped,0.34653931181686903,0.11946134688992482,0.18463163647690778,5.778574102713364,0.9246146618968196,6000.0
20260722,crossing external,crossing_90_d_5,interaction_mlp,0.3589555396004326,0.12323833183338824,0.18025416011169287,8.875501753945636,0.877749881186383,6000.0
20260722,crossing external,crossing_90_d_5,tensor_residual,0.3530354683811588,0.12145918220795911,0.17585677613270514,8.983600829418464,0.8817490469891205,6000.0
20260722,crossing external,crossing_90_d_5,gel_ped,0.3519915827158562,0.12115063226933716,0.17688920239283448,8.829697288637437,0.8824473222961899,6000.0
20260722,crossing external,crossing_90_d_6,interaction_mlp,0.33962347421346173,0.1159237314843406,0.16423962957309496,11.990256350937035,0.8556276128014749,6000.0
20260722,crossing external,crossing_90_d_6,tensor_residual,0.3409417212934242,0.11640937776857857,0.1639591719141085,12.07778288636437,0.8545046760640951,6000.0
20260722,crossing external,crossing_90_d_6,gel_ped,0.33720817289418104,0.11521402565959156,0.16305219323333145,11.789273084530606,0.8576737780885901,6000.0
20260722,crossing external,crossing_90_d_7,interaction_mlp,0.3483021254997385,0.11761184607915257,0.17431979168146594,13.692790897179288,0.8287474284438774,6000.0
20260722,crossing external,crossing_90_d_7,tensor_residual,0.35811842074891626,0.11978739849180411,0.1770479246795682,14.008421845298228,0.8189584857340855,6000.0
20260722,crossing external,crossing_90_d_7,gel_ped,0.34891176209033065,0.11757725718033407,0.1748325224861612,13.59146484508792,0.8281474137211697,6000.0
20260722,crossing external,crossing_90_d_8,interaction_mlp,0.35261972223896065,0.11804892471189676,0.18207323456609967,14.817904175229666,0.8132992196002597,6000.0
20260722,crossing external,crossing_90_d_8,tensor_residual,0.35353372662321947,0.11784692326436619,0.17812426276117266,15.417751340422221,0.8123300934804946,6000.0
20260722,crossing external,crossing_90_d_8,gel_ped,0.3490673563067305,0.11677312253793677,0.17889199433516986,14.97785672694626,0.8170419979694383,6000.0
20260722,crossing external,crossing_90_e_1,interaction_mlp,0.3486305748214879,0.11929343205678977,0.16437714205201323,10.835383552589533,0.8758938932353729,6000.0
20260722,crossing external,crossing_90_e_1,tensor_residual,0.34886118674854816,0.11893402744909357,0.16193232408186736,11.062275794702693,0.8757296516777276,6000.0
20260722,crossing external,crossing_90_e_1,gel_ped,0.3450152969663162,0.11792333665982982,0.16201866742949803,10.727359183501896,0.8784544929625396,6000.0
20260722,crossing external,crossing_90_e_2,interaction_mlp,0.37356336908822046,0.12656940769986613,0.175319629112887,12.45994326461823,0.8550749377820904,6000.0
20260722,crossing external,crossing_90_e_2,tensor_residual,0.3775989166409297,0.12754024063984626,0.17501152765587344,12.923672318767453,0.8519268185511486,6000.0
20260722,crossing external,crossing_90_e_2,gel_ped,0.371683469253715,0.12590706416553937,0.17395808061330895,12.505881302486252,0.8565298935155772,6000.0
20260722,crossing external,crossing_90_e_3,interaction_mlp,0.381458096508438,0.13118713919088607,0.17855768320103796,12.62110363669987,0.8275242197543878,6000.0
20260722,crossing external,crossing_90_e_3,tensor_residual,0.38465531997260366,0.1323210692091709,0.1827414740887933,12.755541812089788,0.8246208623349229,6000.0
20260722,crossing external,crossing_90_e_3,gel_ped,0.3797838406850624,0.13081028808970466,0.18012265499358524,12.537255513073761,0.8290349223229843,6000.0
20260722,crossing external,crossing_90_e_4,interaction_mlp,0.37426868083025916,0.1274102780439991,0.16715526986960572,16.879393770403993,0.7918686792948092,6000.0
20260722,crossing external,crossing_90_e_4,tensor_residual,0.3800548960617467,0.12913247618993626,0.1709005060444118,17.408875653861465,0.7853834888603318,6000.0
20260722,crossing external,crossing_90_e_4,gel_ped,0.3737724862066055,0.12736616048298435,0.1681657164246827,17.049134208871664,0.7924201824743461,6000.0
20260722,crossing external,crossing_90_e_5,interaction_mlp,0.3728182360399094,0.1264585272606037,0.16756620417606377,18.7649338966514,0.7550560382333042,6000.0
20260722,crossing external,crossing_90_e_5,tensor_residual,0.3869915678090824,0.1302477395150615,0.17590826896853629,19.22366285808757,0.7360780886084538,6000.0
20260722,crossing external,crossing_90_e_5,gel_ped,0.3765966444284678,0.12752514472203244,0.1712599770378985,18.809906111679567,0.7500660025373185,6000.0
20260722,crossing external,crossing_90_e_6,interaction_mlp,0.3704528685878182,0.12408728406654124,0.18032750310854923,16.08916760945651,0.8068374909537533,6000.0
20260722,crossing external,crossing_90_e_6,tensor_residual,0.377802897431314,0.124854262731969,0.18127145997755362,16.539373626608366,0.7990965094572666,6000.0
20260722,crossing external,crossing_90_e_6,gel_ped,0.36962606207124404,0.12326332332677037,0.17974149856064553,16.099066543346176,0.8076987600120273,6000.0
20260723,corridor held-out,bi_corr_400_a_03,interaction_mlp,0.17183968974611574,0.05881318652252459,0.0758482518338857,13.748285562439552,0.8731566081107219,6000.0
20260723,corridor held-out,bi_corr_400_a_03,tensor_residual,0.1799590294441692,0.060787744434976455,0.0775560804281801,14.081813770137792,0.8608868541849243,6000.0
20260723,corridor held-out,bi_corr_400_a_03,gel_ped,0.17261470048691668,0.05884972289132043,0.07624539680066036,13.668209051157012,0.872009880332704,6000.0
20260723,corridor held-out,bi_corr_400_b_02,interaction_mlp,0.1941623324462311,0.06530843555505464,0.06831433636268325,5.1565490440006005,0.9761308462461179,4507.0
20260723,corridor held-out,bi_corr_400_b_02,tensor_residual,0.19914517754205743,0.06657491216326361,0.06552714974851952,5.385870739944432,0.9748900036708212,4507.0
20260723,corridor held-out,bi_corr_400_b_02,gel_ped,0.19385944310692038,0.06492901708664336,0.06538252280770121,5.161479508405104,0.9762052589606386,4507.0
20260723,corridor held-out,bi_corr_400_b_04,interaction_mlp,0.18836313457400858,0.06391086465873735,0.0788809064085717,12.238560443684605,0.8897335379373118,6000.0
20260723,corridor held-out,bi_corr_400_b_04,tensor_residual,0.19283157506345003,0.06506823554457339,0.08202243127022388,12.302238117084956,0.8844398971795384,6000.0
20260723,corridor held-out,bi_corr_400_b_04,gel_ped,0.18793976171972093,0.06371861663755231,0.07986612340689597,12.101919863203014,0.8902286599007575,6000.0
20260723,corridor held-out,bi_corr_400_b_06,interaction_mlp,0.1915062186762196,0.06493258342326698,0.0817574746908983,15.645112956223763,0.8177085337493643,6000.0
20260723,corridor held-out,bi_corr_400_b_06,tensor_residual,0.19716366894099807,0.06651182756436767,0.08519505050400009,15.789486523612082,0.8067789854060757,6000.0
20260723,corridor held-out,bi_corr_400_b_06,gel_ped,0.19049817218986392,0.06453879036531593,0.08294211570890803,15.322354014205992,0.8196225670565974,6000.0
20260723,corridor held-out,bi_corr_400_b_10,interaction_mlp,0.1666080132628555,0.05679685296905566,0.0679163243955445,13.037362246793158,0.8826010873950407,6000.0
20260723,corridor held-out,bi_corr_400_b_10,tensor_residual,0.16992519370484307,0.05761875515184556,0.07048779758326348,12.630920290007573,0.8778797034018145,6000.0
20260723,corridor held-out,bi_corr_400_b_10,gel_ped,0.16593374486379367,0.056504171339646594,0.06884680591453711,12.623956618310718,0.8835493995075318,6000.0
20260723,altered geometry,bi_corr_400_a_04,interaction_mlp,0.18055913751157257,0.061165006851842375,0.07798406415324052,16.153040734353727,0.8199618778172422,6000.0
20260723,altered geometry,bi_corr_400_a_04,tensor_residual,0.1872878195514595,0.06319849556311459,0.08019296752914788,16.118096721512604,0.8062933196374344,6000.0
20260723,altered geometry,bi_corr_400_a_04,gel_ped,0.17965358320399605,0.06088551452824939,0.07836239615527531,15.69618002609824,0.821763231857068,6000.0
20260723,altered geometry,bi_corr_400_a_05,interaction_mlp,0.17690763371568854,0.06012102922375409,0.07420193844084134,16.398189456098912,0.8023315580836332,6000.0
20260723,altered geometry,bi_corr_400_a_05,tensor_residual,0.17839613268873153,0.06074414154693147,0.07594682739833576,16.012979866053612,0.7989912037123039,6000.0
20260723,altered geometry,bi_corr_400_a_05,gel_ped,0.17491848548276484,0.059494882117523455,0.0745830900589993,15.704598310947768,0.8067517326186235,6000.0
20260723,altered geometry,bi_corr_400_b_08,interaction_mlp,0.18773612665440764,0.06393634126138056,0.08114560431139937,18.107733926138348,0.7597369377833083,6000.0
20260723,altered geometry,bi_corr_400_b_08,tensor_residual,0.1918326852232326,0.06468413468803594,0.08386096138621592,17.52230259175903,0.749137056771332,6000.0
20260723,altered geometry,bi_corr_400_b_08,gel_ped,0.18563229486202126,0.0628516911434461,0.08168998272746886,17.249943526093993,0.7650916964052865,6000.0
20260723,crossing external,crossing_90_d_1,interaction_mlp,0.37524458632493746,0.12982383945878037,0.2080634859666585,8.694314648148087,0.8876861755355522,6000.0
20260723,crossing external,crossing_90_d_1,tensor_residual,0.34132769280620945,0.11705072587672263,0.1669328134261032,8.40014710726632,0.9070718277216815,6000.0
20260723,crossing external,crossing_90_d_1,gel_ped,0.3525094604714661,0.12164512706461249,0.1837420943106588,8.516356894425291,0.9008835134520797,6000.0
20260723,crossing external,crossing_90_d_2,interaction_mlp,0.3886108177508999,0.13426471682321192,0.2296969447166412,6.76635670628132,0.9062164359659654,6000.0
20260723,crossing external,crossing_90_d_2,tensor_residual,0.3472170247107866,0.11767777136163995,0.1772918470303243,6.435909361613906,0.9251315255311726,6000.0
20260723,crossing external,crossing_90_d_2,gel_ped,0.36038684479679967,0.1233328487850995,0.19805008610790123,6.472762067089894,0.9193443453705837,6000.0
20260723,crossing external,crossing_90_d_3,interaction_mlp,0.3662875183560983,0.12656536548937297,0.2038092000544613,5.829043415564924,0.9157778915555573,6000.0
20260723,crossing external,crossing_90_d_3,tensor_residual,0.3312717827353308,0.1128768166823466,0.159601301174766,5.690889736774039,0.931110860576024,6000.0
20260723,crossing external,crossing_90_d_3,gel_ped,0.34240586498385917,0.11743070637023133,0.17700879137909678,5.689707360560117,0.926402297063768,6000.0
20260723,crossing external,crossing_90_d_5,interaction_mlp,0.36816674571349806,0.1270770081053812,0.18853072426249548,9.068830750134037,0.8713952269424772,6000.0
20260723,crossing external,crossing_90_d_5,tensor_residual,0.35145662177419074,0.12062892568345576,0.166266963702748,8.967386182092632,0.88280436665029,6000.0
20260723,crossing external,crossing_90_d_5,gel_ped,0.3553852436191907,0.12246111022905129,0.17465524932018797,8.98519919666729,0.8801696709576505,6000.0
20260723,crossing external,crossing_90_d_6,interaction_mlp,0.35084139778663576,0.11972461644418951,0.1715890145993481,12.340435291696345,0.8459327246694255,6000.0
20260723,crossing external,crossing_90_d_6,tensor_residual,0.34273544641637727,0.11655427486429384,0.15732265784514846,12.225641483361917,0.8529697208650786,6000.0
20260723,crossing external,crossing_90_d_6,gel_ped,0.3431847565569555,0.11704426998468168,0.16216691290910512,12.321221159223608,0.8525839685403467,6000.0
20260723,crossing external,crossing_90_d_7,interaction_mlp,0.35429353492649074,0.12013275801759499,0.17715322782274695,13.964913916411014,0.8228050635873029,6000.0
20260723,crossing external,crossing_90_d_7,tensor_residual,0.35805752284973924,0.11994994710998737,0.1712473234860916,14.277602186472073,0.819020052578131,6000.0
20260723,crossing external,crossing_90_d_7,gel_ped,0.35075454118126986,0.11871369437625337,0.1723181533656137,13.950683622882085,0.8263273395509149,6000.0
20260723,crossing external,crossing_90_d_8,interaction_mlp,0.3629232595389818,0.12147943471534482,0.18629598678541281,15.567573150899866,0.8022290312701064,6000.0
20260723,crossing external,crossing_90_d_8,tensor_residual,0.3538594267913083,0.11798495950634005,0.17375229963144959,15.604672641413046,0.8119841447270058,6000.0
20260723,crossing external,crossing_90_d_8,gel_ped,0.353329145768157,0.1183367069250728,0.1777621501565102,15.508851986706707,0.8125472301118326,6000.0
20260723,crossing external,crossing_90_e_1,interaction_mlp,0.35378218757649316,0.12129676702353775,0.1682116169753729,11.187318989677546,0.8721990347310877,6000.0
20260723,crossing external,crossing_90_e_1,tensor_residual,0.34496261387328403,0.1172000985226409,0.15472543313707207,10.819760959629779,0.8784916096029843,6000.0
20260723,crossing external,crossing_90_e_1,gel_ped,0.3451304334978216,0.11793842310849252,0.1592234748961163,10.884613048550335,0.878373356483798,6000.0
20260723,crossing external,crossing_90_e_2,interaction_mlp,0.3800988645773972,0.12906472118058432,0.1797860589447033,12.65728563943147,0.849959648481189,6000.0
20260723,crossing external,crossing_90_e_2,tensor_residual,0.3750534171810181,0.12641882051002198,0.1681762610640589,12.721817882927411,0.8539164944999817,6000.0
20260723,crossing external,crossing_90_e_2,gel_ped,0.3728050448529765,0.12635795030730532,0.17176090220965823,12.625163162830116,0.8556627290311927,6000.0
20260723,crossing external,crossing_90_e_3,interaction_mlp,0.3889777168029871,0.13415934807671195,0.1852033061865164,12.872817979845662,0.8206572233887325,6000.0
20260723,crossing external,crossing_90_e_3,tensor_residual,0.3816315820346281,0.13108414325653364,0.17486067506114647,12.783381364797012,0.8273673015713632,6000.0
20260723,crossing external,crossing_90_e_3,gel_ped,0.3813851285895721,0.13149042789373938,0.17825287847123336,12.687141688381207,0.8275901981418592,6000.0
20260723,crossing external,crossing_90_e_4,interaction_mlp,0.38062720117665777,0.12998578650999268,0.1717892796774438,17.377818280952184,0.7847366422751877,6000.0
20260723,crossing external,crossing_90_e_4,tensor_residual,0.3784591303170758,0.1285418714906084,0.1653338398487049,17.356782116255925,0.7871819589580367,6000.0
20260723,crossing external,crossing_90_e_4,gel_ped,0.3756486344920805,0.12826048123333816,0.16698569448484488,17.109327773247365,0.7903310616578809,6000.0
20260723,crossing external,crossing_90_e_5,interaction_mlp,0.37766605957251875,0.12860911655064786,0.17076812439615704,18.915651024201473,0.7486445203990066,6000.0
20260723,crossing external,crossing_90_e_5,tensor_residual,0.38443575313023287,0.129498869505686,0.1713953850147919,18.859817344446046,0.7395526246360111,6000.0
20260723,crossing external,crossing_90_e_5,gel_ped,0.3769989980087645,0.12817722515389404,0.17026219406408913,18.732347323214185,0.7495316612996252,6000.0
20260723,crossing external,crossing_90_e_6,interaction_mlp,0.3747250586688575,0.12609063861078051,0.18211819044864114,16.318519173025216,0.8023565681357656,6000.0
20260723,crossing external,crossing_90_e_6,tensor_residual,0.377340159221329,0.12501439591132985,0.17721118698873345,16.688649801695615,0.7995883468114791,6000.0
20260723,crossing external,crossing_90_e_6,gel_ped,0.37032636780764466,0.1241197717838539,0.17751266151439896,16.61623344860081,0.8069693891688686,6000.0
20260724,corridor held-out,bi_corr_400_a_03,interaction_mlp,0.17436575585788125,0.059668059961834975,0.08023036475723049,13.564564026237466,0.8693999688372038,6000.0
20260724,corridor held-out,bi_corr_400_a_03,tensor_residual,0.17986995138789155,0.0607108422951441,0.08067925027982456,13.970234640333983,0.861024539542809,6000.0
20260724,corridor held-out,bi_corr_400_a_03,gel_ped,0.1742194533660436,0.059443789560123195,0.08019878582312924,13.553875871820923,0.8696190381600688,6000.0
20260724,corridor held-out,bi_corr_400_b_02,interaction_mlp,0.20150421129203608,0.06841854175055821,0.07738197263234942,5.379248924814004,0.9742915842218755,4507.0
20260724,corridor held-out,bi_corr_400_b_02,tensor_residual,0.19577745239824262,0.06579577314628388,0.06824758600453686,5.328510669563109,0.9757320882628322,4507.0
20260724,corridor held-out,bi_corr_400_b_02,gel_ped,0.19482429673764182,0.06577667173091813,0.07177726108309994,5.155981845614283,0.9759678129544221,4507.0
20260724,corridor held-out,bi_corr_400_b_04,interaction_mlp,0.18813824506612883,0.06378272587807908,0.08189068527304462,12.143266730012718,0.8899966782511971,6000.0
20260724,corridor held-out,bi_corr_400_b_04,tensor_residual,0.19310866432712295,0.06507703712585927,0.08270063346516285,12.525380626334027,0.884107550470375,6000.0
20260724,corridor held-out,bi_corr_400_b_04,gel_ped,0.18836109060687278,0.06379314877514479,0.08166827992191973,12.1504440254639,0.8897359309724704,6000.0
20260724,corridor held-out,bi_corr_400_b_06,interaction_mlp,0.1917691260624764,0.06520728412622326,0.08353162995739707,16.14444129812486,0.817207676174419,6000.0
20260724,corridor held-out,bi_corr_400_b_06,tensor_residual,0.19709768988243462,0.06648788714813153,0.08587861170368065,16.179140639233268,0.8069082831373818,6000.0
20260724,corridor held-out,bi_corr_400_b_06,gel_ped,0.19127565036596025,0.06488930599030192,0.08407193267811418,15.75944930807039,0.818147217503491,6000.0
20260724,corridor held-out,bi_corr_400_b_10,interaction_mlp,0.1693779572652989,0.05743655754069149,0.0711676439049639,12.878893708333285,0.8786650026912185,6000.0
20260724,corridor held-out,bi_corr_400_b_10,tensor_residual,0.170244592544703,0.05744396137560509,0.07199382115241898,12.72364794879094,0.8774201866222796,6000.0
20260724,corridor held-out,bi_corr_400_b_10,gel_ped,0.16767159352138664,0.05683750608710158,0.0713752347871567,12.783194121574608,0.8810974176781088,6000.0
20260724,altered geometry,bi_corr_400_a_04,interaction_mlp,0.18415355767685776,0.062270906498013694,0.08246965246998567,15.953354833268962,0.8127224331287739,6000.0
20260724,altered geometry,bi_corr_400_a_04,tensor_residual,0.1847757379169695,0.062128013898086455,0.08200147958688778,16.023431730899205,0.8114548253713852,6000.0
20260724,altered geometry,bi_corr_400_a_04,gel_ped,0.18090486404740497,0.06112958947579762,0.08177232264282162,15.713190297625326,0.8192717599076622,6000.0
20260724,altered geometry,bi_corr_400_a_05,interaction_mlp,0.17725345387819033,0.06029547651300831,0.07728352045430675,15.980549487052347,0.8015579956959377,6000.0
20260724,altered geometry,bi_corr_400_a_05,tensor_residual,0.17770832533604372,0.06039642727088565,0.07692706556838512,16.344384998952314,0.8005381969552772,6000.0
20260724,altered geometry,bi_corr_400_a_05,gel_ped,0.17528931803262984,0.059634225927458054,0.07666205640632688,15.88289253028715,0.8059314795600316,6000.0
20260724,altered geometry,bi_corr_400_b_08,interaction_mlp,0.18593329634098194,0.06332629302590241,0.08301793693350405,17.358848597239984,0.7643292744041434,6000.0
20260724,altered geometry,bi_corr_400_b_08,tensor_residual,0.1894660340228499,0.06401262154967256,0.08398228623232541,17.584339888786815,0.7552886966509735,6000.0
20260724,altered geometry,bi_corr_400_b_08,gel_ped,0.18430691141429684,0.06249747702665374,0.08208105912026262,17.450013745458307,0.7684341332058346,6000.0
20260724,crossing external,crossing_90_d_1,interaction_mlp,0.37857914472061366,0.13104178421874346,0.21718969986024028,8.69108844389411,0.8856811843033979,6000.0
20260724,crossing external,crossing_90_d_1,tensor_residual,0.3399855327874754,0.11647579391189772,0.16939945607888024,8.45391715555843,0.9078012104285073,6000.0
20260724,crossing external,crossing_90_d_1,gel_ped,0.35156858229913346,0.12126911627394443,0.18903998865059976,8.370167102825594,0.9014119082572101,6000.0
20260724,crossing external,crossing_90_d_2,interaction_mlp,0.39482543005416665,0.13669948854117842,0.23889900460683652,6.8852598736301385,0.903192903311941,6000.0
20260724,crossing external,crossing_90_d_2,tensor_residual,0.34949735316047215,0.11836796677041637,0.17990013443227432,6.533451258892132,0.9241449072916268,6000.0
20260724,crossing external,crossing_90_d_2,gel_ped,0.362671507363447,0.12409449093898593,0.20346592103046382,6.49745945029259,0.9183184752649798,6000.0
20260724,crossing external,crossing_90_d_3,interaction_mlp,0.3738915873114221,0.13019813394751809,0.21356263209087895,6.082447027445591,0.912244719900866,6000.0
20260724,crossing external,crossing_90_d_3,tensor_residual,0.33574112829863906,0.11418513630597327,0.16284007880785703,5.771270607615483,0.9292394889293034,6000.0
20260724,crossing external,crossing_90_d_3,gel_ped,0.346077142545559,0.11894713440798284,0.18327562259104518,5.745977974124434,0.9248156062198784,6000.0
20260724,crossing external,crossing_90_d_5,interaction_mlp,0.372614635554099,0.1286014767142564,0.1981082512972411,9.250765840514426,0.8682690608312266,6000.0
20260724,crossing external,crossing_90_d_5,tensor_residual,0.3504186354237307,0.12048442035997758,0.17020924997998602,8.817329588921119,0.8834955918222452,6000.0
20260724,crossing external,crossing_90_d_5,gel_ped,0.3549691558191213,0.12230524115721553,0.1808741674894613,8.893211037260748,0.8804501032529494,6000.0
20260724,crossing external,crossing_90_d_6,interaction_mlp,0.35166808862317017,0.12045602971671501,0.18092996157429922,12.255037456491932,0.8452058089611959,6000.0
20260724,crossing external,crossing_90_d_6,tensor_residual,0.34041701722108375,0.11510379880316571,0.1592144426159013,11.917419828090676,0.8549521615998168,6000.0
20260724,crossing external,crossing_90_d_6,gel_ped,0.3410057619603748,0.11618742323219838,0.16754866437520666,12.026301598999941,0.8544500128059089,6000.0
20260724,crossing external,crossing_90_d_7,interaction_mlp,0.35718730934799864,0.1209276744641582,0.18517250346624126,13.71628320123662,0.8198986813042076,6000.0
20260724,crossing external,crossing_90_d_7,tensor_residual,0.35745808447009697,0.11912154013577428,0.17307662203915902,13.939114733159524,0.8196255168338442,6000.0
20260724,crossing external,crossing_90_d_7,gel_ped,0.3505361294010813,0.1182360208275132,0.17690544076961892,13.554539724009764,0.8265435610988998,6000.0
20260724,crossing external,crossing_90_d_8,interaction_mlp,0.36452862774422295,0.12147522147074326,0.19450432099258774,15.233832243918759,0.8004755066511583,6000.0
20260724,crossing external,crossing_90_d_8,tensor_residual,0.3530083818273705,0.11708057772339929,0.17332614051896325,14.83553262168182,0.8128874273288564,6000.0
20260724,crossing external,crossing_90_d_8,gel_ped,0.3517546705149678,0.11722736619824668,0.1807281245253843,14.765585947375712,0.814214130012689,6000.0
20260724,crossing external,crossing_90_e_1,interaction_mlp,0.3595785613970481,0.12341877878885493,0.17775993532654732,11.114506028861268,0.8679769416475656,6000.0
20260724,crossing external,crossing_90_e_1,tensor_residual,0.34390046997800167,0.11687848935491425,0.15691239910679905,10.816686054634244,0.8792387091564727,6000.0
20260724,crossing external,crossing_90_e_1,gel_ped,0.34635420872124717,0.1183666440257982,0.16484655623021222,10.799372092943305,0.8775092915051762,6000.0
20260724,crossing external,crossing_90_e_2,interaction_mlp,0.38524166090402,0.13110367188599178,0.18915459623889944,12.820056688333825,0.8458720430866613,6000.0
20260724,crossing external,crossing_90_e_2,tensor_residual,0.37467218607450326,0.12582270341825239,0.170149330536423,12.47837601110379,0.8542133230019793,6000.0
20260724,crossing external,crossing_90_e_2,gel_ped,0.3745712470143415,0.1268689758534021,0.17712556975592414,12.437131826272138,0.854291864129254,6000.0
20260724,crossing external,crossing_90_e_3,interaction_mlp,0.3959687673939382,0.13683387856845014,0.1978502055592349,12.993493255519821,0.8141526781700117,6000.0
20260724,crossing external,crossing_90_e_3,tensor_residual,0.3818583686207189,0.13095752133007504,0.1795714361309993,12.498738809756656,0.8271620648197577,6000.0
20260724,crossing external,crossing_90_e_3,gel_ped,0.3843660874445018,0.13253435023418353,0.18676572978399736,12.662504074135963,0.8248845076187,6000.0
20260724,crossing external,crossing_90_e_4,interaction_mlp,0.3843258759004265,0.13126813410317742,0.1817727666997123,17.230722172974392,0.7805327517053016,6000.0
20260724,crossing external,crossing_90_e_4,tensor_residual,0.3772128108650345,0.12773841722478965,0.16708685761429035,16.98234787445159,0.7885813308208075,6000.0
20260724,crossing external,crossing_90_e_4,gel_ped,0.37626697964006556,0.128282154551955,0.17259141241559708,17.001762547861837,0.7896402327094806,6000.0
20260724,crossing external,crossing_90_e_5,interaction_mlp,0.3809061473852684,0.12978888825085896,0.1797550110227203,18.824134853857487,0.7443131417575837,6000.0
20260724,crossing external,crossing_90_e_5,tensor_residual,0.38364544864305533,0.12881933333477594,0.17287102102837806,18.840084193946264,0.7406223542709303,6000.0
20260724,crossing external,crossing_90_e_5,gel_ped,0.37793095141282845,0.12829163391936144,0.17521530382813794,18.844975251392107,0.7482917994493115,6000.0
20260724,crossing external,crossing_90_e_6,interaction_mlp,0.37726519803060254,0.1265269909583304,0.19083371066391572,16.28716926783298,0.7996679651800583,6000.0
20260724,crossing external,crossing_90_e_6,tensor_residual,0.3784258519341181,0.12473442299240588,0.17795429784465705,16.550638166792496,0.7984334286967287,6000.0
20260724,crossing external,crossing_90_e_6,gel_ped,0.3708874572430357,0.1238333653792977,0.18164473601716544,16.31025394293705,0.8063840163986393,6000.0
20260725,corridor held-out,bi_corr_400_a_03,interaction_mlp,0.17297569410693114,0.0593764591925767,0.08397261116227356,13.369105347711422,0.8714739824061905,6000.0
20260725,corridor held-out,bi_corr_400_a_03,tensor_residual,0.1777234602381553,0.06018646859794383,0.08307733136508691,13.527755470467563,0.8643216955600542,6000.0
20260725,corridor held-out,bi_corr_400_a_03,gel_ped,0.17240106436660413,0.05904112029455075,0.08330332851208422,13.29929277815782,0.8723264975366649,6000.0
20260725,corridor held-out,bi_corr_400_b_02,interaction_mlp,0.19736696137633888,0.06573510634018015,0.06649474682014567,5.068557352190584,0.975336428254809,4507.0
20260725,corridor held-out,bi_corr_400_b_02,tensor_residual,0.197865100839953,0.06602051146662306,0.06696117860184261,5.224837627205375,0.9752117731184178,4507.0
20260725,corridor held-out,bi_corr_400_b_02,gel_ped,0.19667682558989355,0.06549912534017881,0.06572964263226094,5.172622483411774,0.9755086095987179,4507.0
20260725,corridor held-out,bi_corr_400_b_04,interaction_mlp,0.18833893952161865,0.06383662992826898,0.08305389148567698,12.382620393975959,0.8897618633470349,6000.0
20260725,corridor held-out,bi_corr_400_b_04,tensor_residual,0.19486179125958655,0.06560287627658729,0.08675150881430849,12.373559566923609,0.8819937517102668,6000.0
20260725,corridor held-out,bi_corr_400_b_04,gel_ped,0.18940915466768016,0.06412035204637677,0.08456655497542674,12.233630462868211,0.8885054718248039,6000.0
20260725,corridor held-out,bi_corr_400_b_06,interaction_mlp,0.1898814601153973,0.06443334722463197,0.08633551582307097,15.74663120968447,0.8207885717046047,6000.0
20260725,corridor held-out,bi_corr_400_b_06,tensor_residual,0.19711457975497967,0.0663323936389982,0.08877865570884107,16.01852985040545,0.8068751885412538,6000.0
20260725,corridor held-out,bi_corr_400_b_06,gel_ped,0.1902765786496776,0.06439705613089648,0.08728358771958199,15.567683518613181,0.8200419645344039,6000.0
20260725,corridor held-out,bi_corr_400_b_10,interaction_mlp,0.16560727747878248,0.05614620558658199,0.07239103339485986,12.453184309296773,0.8840071716664962,6000.0
20260725,corridor held-out,bi_corr_400_b_10,tensor_residual,0.16830763567892856,0.057027826131898635,0.07369877474943827,12.741709049737917,0.8801936212209412,6000.0
20260725,corridor held-out,bi_corr_400_b_10,gel_ped,0.1647942884840019,0.05600337732345321,0.07276982485255332,12.555450199020905,0.8851432259062352,6000.0
20260725,altered geometry,bi_corr_400_a_04,interaction_mlp,0.18254287354934717,0.06178496162980425,0.08616326557840902,15.46768044468108,0.8159841224648654,6000.0
20260725,altered geometry,bi_corr_400_a_04,tensor_residual,0.18465781216410918,0.06219255567704351,0.08565211831366186,15.716891237027497,0.8116954114659524,6000.0
20260725,altered geometry,bi_corr_400_a_04,gel_ped,0.1798844491067439,0.060862249955128435,0.08549181542105515,15.296685482118967,0.8213048471033633,6000.0
20260725,altered geometry,bi_corr_400_a_05,interaction_mlp,0.1756630525188137,0.05989293475160609,0.08146438857745064,15.653550742106765,0.8051030500775629,6000.0
20260725,altered geometry,bi_corr_400_a_05,tensor_residual,0.17802459955637542,0.06045801809747077,0.07998460909316886,15.832481174068132,0.7998275857537948,6000.0
20260725,altered geometry,bi_corr_400_a_05,gel_ped,0.17429465525487234,0.059337870591509606,0.0800751004714672,15.5869304827864,0.8081276779674951,6000.0
20260725,altered geometry,bi_corr_400_b_08,interaction_mlp,0.18318617018446678,0.06209567709469386,0.0843111122844953,16.740533337311984,0.7712418016303861,6000.0
20260725,altered geometry,bi_corr_400_b_08,tensor_residual,0.18821669979599745,0.06333003428092834,0.08636302739314161,17.302262685895546,0.7585052967462114,6000.0
20260725,altered geometry,bi_corr_400_b_08,gel_ped,0.18216942551944237,0.06160042431321732,0.08468706618429189,16.648163301997208,0.7737741238571807,6000.0
20260725,crossing external,crossing_90_d_1,interaction_mlp,0.3612069942164211,0.12458995036371251,0.20018644646212594,8.371553066733593,0.8959321343756053,6000.0
20260725,crossing external,crossing_90_d_1,tensor_residual,0.33584093821208294,0.11520354459532756,0.17231294050181023,8.158833926086459,0.9100354081150801,6000.0
20260725,crossing external,crossing_90_d_1,gel_ped,0.34429815340917513,0.11865944109643126,0.1836135222724014,8.23746680552978,0.9054473441532287,6000.0
20260725,crossing external,crossing_90_d_2,interaction_mlp,0.3744064308668369,0.12862601039903188,0.2171551352487334,6.684128917356427,0.9129470364070283,6000.0
20260725,crossing external,crossing_90_d_2,tensor_residual,0.34481227042021223,0.11692375639939434,0.18175315053047775,6.311469608645229,0.9261649819074033,6000.0
20260725,crossing external,crossing_90_d_2,gel_ped,0.35440392663759795,0.12103636913800614,0.19545885717152672,6.435043877424782,0.9220001061948454,6000.0
20260725,crossing external,crossing_90_d_3,interaction_mlp,0.3535651604084691,0.12138525707550596,0.18856712213672555,5.8405294838527535,0.9215269021015144,6000.0
20260725,crossing external,crossing_90_d_3,tensor_residual,0.330409568120155,0.11258380982605923,0.16295633522144176,5.622821974300137,0.9314689950634112,6000.0
20260725,crossing external,crossing_90_d_3,gel_ped,0.3383504613724187,0.11586234486777985,0.1730266002551494,5.713716057700293,0.9281353332833056,6000.0
20260725,crossing external,crossing_90_d_5,interaction_mlp,0.3581508488656155,0.12285530069403856,0.18273950262331437,8.837542939102487,0.8782973766969105,6000.0
20260725,crossing external,crossing_90_d_5,tensor_residual,0.34716809005569266,0.11909655132355582,0.17047963184115378,8.711838714578093,0.885646997990802,6000.0
20260725,crossing external,crossing_90_d_5,gel_ped,0.3497447029653472,0.12013249989506736,0.17497545878889093,8.733332358874092,0.8839432883336755,6000.0
20260725,crossing external,crossing_90_d_6,interaction_mlp,0.34099411016342923,0.11666613043457666,0.17153602931289325,12.018848776657213,0.8544599592063018,6000.0
20260725,crossing external,crossing_90_d_6,tensor_residual,0.33572010626426163,0.11415232027738409,0.1631587740474796,11.720166919930039,0.8589271498163631,6000.0
20260725,crossing external,crossing_90_d_6,gel_ped,0.33590096777511214,0.11467891627126875,0.16601502759458928,11.713686778782726,0.8587751093453633,6000.0
20260725,crossing external,crossing_90_d_7,interaction_mlp,0.34996861589572414,0.11857220708444179,0.1821610789363039,13.525353501618849,0.8271047539562475,6000.0
20260725,crossing external,crossing_90_d_7,tensor_residual,0.3554133618034875,0.1186313127018063,0.1769045790612253,13.71640587375813,0.8216831619945523,6000.0
20260725,crossing external,crossing_90_d_7,gel_ped,0.34853567557856713,0.11760486413089287,0.17841584941918753,13.591831828625796,0.8285176884675236,6000.0
20260725,crossing external,crossing_90_d_8,interaction_mlp,0.35545185289758546,0.11905684822949317,0.1914822705295569,14.840466143429133,0.810288132064969,6000.0
20260725,crossing external,crossing_90_d_8,tensor_residual,0.35143942676456746,0.11666281287565046,0.17847386633765566,14.856452689531222,0.8145469846695598,6000.0
20260725,crossing external,crossing_90_d_8,gel_ped,0.34920373524629966,0.1166342275415075,0.1832318969562959,14.692342041555458,0.8168990084169039,6000.0
20260725,crossing external,crossing_90_e_1,interaction_mlp,0.34668739967948164,0.1186267160057237,0.1662425384249882,10.685605856170595,0.8772735072914454,6000.0
20260725,crossing external,crossing_90_e_1,tensor_residual,0.3406659836414505,0.1157219873308003,0.160016613937675,10.559867031949958,0.881499618465937,6000.0
20260725,crossing external,crossing_90_e_1,gel_ped,0.34116437874359545,0.11643028528691352,0.1617700159879469,10.628027084062936,0.8811526321798933,6000.0
20260725,crossing external,crossing_90_e_2,interaction_mlp,0.37395433484943597,0.12726826967868715,0.17983583632822767,12.520688861506045,0.854771426291967,6000.0
20260725,crossing external,crossing_90_e_2,tensor_residual,0.3707107625908263,0.12467557399405922,0.17231879999056735,12.451227940906046,0.8572798419589353,6000.0
20260725,crossing external,crossing_90_e_2,gel_ped,0.36929991818555236,0.1251023551596483,0.17467558054312143,12.466099641019351,0.8583640984648562,6000.0
20260725,crossing external,crossing_90_e_3,interaction_mlp,0.38248148436299456,0.1316272040760673,0.18405050019177585,12.491139241257294,0.826597531380896,6000.0
20260725,crossing external,crossing_90_e_3,tensor_residual,0.37969415030888015,0.13017561842234318,0.18013789760029272,12.387822308717949,0.8291156635754877,6000.0
20260725,crossing external,crossing_90_e_3,gel_ped,0.3785532514854953,0.13020281629769237,0.1810980058119192,12.560597531574833,0.8301410616716601,6000.0
20260725,crossing external,crossing_90_e_4,interaction_mlp,0.37466103343005436,0.12806939937983255,0.17542595653344922,17.10711425906776,0.791432074939489,6000.0
20260725,crossing external,crossing_90_e_4,tensor_residual,0.3746605256518578,0.1271685379571196,0.17205807702755824,16.81074904818136,0.7914326402834326,6000.0
20260725,crossing external,crossing_90_e_4,gel_ped,0.3717282350901443,0.12686450646145322,0.1725507393668432,16.72895071432658,0.7946845805585039,6000.0
20260725,crossing external,crossing_90_e_5,interaction_mlp,0.3737364505850788,0.1276241087405726,0.1767621600755697,18.69222661999159,0.7538480067926946,6000.0
20260725,crossing external,crossing_90_e_5,tensor_residual,0.38175188460209164,0.12853334537404318,0.17830562993598592,18.657397230729757,0.7431764630259972,6000.0
20260725,crossing external,crossing_90_e_5,gel_ped,0.3749306163780072,0.12744376116666653,0.17691849617775418,18.576084351963285,0.7522724799769659,6000.0
20260725,crossing external,crossing_90_e_6,interaction_mlp,0.371643265003237,0.12496663123437135,0.18888289103180814,16.15497319356054,0.805594097166322,6000.0
20260725,crossing external,crossing_90_e_6,tensor_residual,0.3761462133832758,0.12430781678171632,0.18253589305686024,16.049282129836964,0.800854589474493,6000.0
20260725,crossing external,crossing_90_e_6,gel_ped,0.3693918124177123,0.12346714333263131,0.18392368886761543,16.03957572696686,0.8079424237003064,6000.0
20260726,corridor held-out,bi_corr_400_a_03,interaction_mlp,0.1707152432440346,0.05849528130402323,0.07775909159818291,13.539717714086038,0.8748111962653378,6000.0
20260726,corridor held-out,bi_corr_400_a_03,tensor_residual,0.17977204308432912,0.06073391082823846,0.07873370630873705,14.013217735673498,0.8611757949155722,6000.0
20260726,corridor held-out,bi_corr_400_a_03,gel_ped,0.17237069223726664,0.058809774089831124,0.07748874160339486,13.687138427735054,0.8723714784023315,6000.0
20260726,corridor held-out,bi_corr_400_b_02,interaction_mlp,0.19855006379420448,0.06674481438789095,0.07046186811302994,5.330156763148239,0.9750398539093489,4507.0
20260726,corridor held-out,bi_corr_400_b_02,tensor_residual,0.1986322491255495,0.06737068174753329,0.07650698417605252,5.220532712504527,0.9750191862510829,4507.0
20260726,corridor held-out,bi_corr_400_b_02,gel_ped,0.19763348208402629,0.06667265688091466,0.07266741376335129,5.275657626865926,0.9752697728144367,4507.0
20260726,corridor held-out,bi_corr_400_b_04,interaction_mlp,0.18784331583642583,0.06363971905671317,0.08178609045479593,11.995178613566438,0.890341294686203,6000.0
20260726,corridor held-out,bi_corr_400_b_04,tensor_residual,0.1916823062179896,0.06445498558438487,0.08225126612229665,12.41737336491238,0.8858132599781275,6000.0
20260726,corridor held-out,bi_corr_400_b_04,gel_ped,0.18790528177030275,0.06349756661690246,0.08128936714076608,12.046278613223343,0.890268934114415,6000.0
20260726,corridor held-out,bi_corr_400_b_06,interaction_mlp,0.18993977631952738,0.06427302522502551,0.08372211323638803,15.229323285268983,0.8206784763317527,6000.0
20260726,corridor held-out,bi_corr_400_b_06,tensor_residual,0.19700989422333093,0.06637866997305557,0.08449588173825053,16.464258150495887,0.8070802672824344,6000.0
20260726,corridor held-out,bi_corr_400_b_06,gel_ped,0.1906330428910559,0.06443562807481616,0.08327973267284357,15.713834362294932,0.8193670659939484,6000.0
20260726,corridor held-out,bi_corr_400_b_10,interaction_mlp,0.1655570844017449,0.056223662882074865,0.0687703754686009,12.924352775582777,0.8840774723775642,6000.0
20260726,corridor held-out,bi_corr_400_b_10,tensor_residual,0.16986715364868735,0.05740783251396946,0.07153675802918617,12.680174801030182,0.8779631125566676,6000.0
20260726,corridor held-out,bi_corr_400_b_10,gel_ped,0.1657848745701249,0.056215812838417506,0.06945501467036691,12.607996201944044,0.8837582570662813,6000.0
20260726,altered geometry,bi_corr_400_a_04,interaction_mlp,0.18015657271217075,0.061149733288924514,0.0807925707433688,15.818016084276525,0.820763789214751,6000.0
20260726,altered geometry,bi_corr_400_a_04,tensor_residual,0.18705362636318099,0.06310518074524478,0.08071452136725374,16.44575430769264,0.8067774560012475,6000.0
20260726,altered geometry,bi_corr_400_a_04,gel_ped,0.18017105064354724,0.06102025157442942,0.07984129533934868,15.877776459919447,0.8207349801206315,6000.0
20260726,altered geometry,bi_corr_400_a_05,interaction_mlp,0.17523872103921717,0.05949865421884859,0.07633276142750106,15.640983141637221,0.8060434985535436,6000.0
20260726,altered geometry,bi_corr_400_a_05,tensor_residual,0.1785991744606213,0.06072431587457973,0.07597525678715994,16.300285288725696,0.7985333865238451,6000.0
20260726,altered geometry,bi_corr_400_a_05,gel_ped,0.17460559028969472,0.05928806390981484,0.07517183259583293,15.787314615894658,0.8074424814825382,6000.0
20260726,altered geometry,bi_corr_400_b_08,interaction_mlp,0.18614171883619574,0.06332138369773371,0.08399013299456345,17.370850741219385,0.7638006266392052,6000.0
20260726,altered geometry,bi_corr_400_b_08,tensor_residual,0.18879688065471187,0.06359229262585163,0.08270933009387506,17.60033280654046,0.7570141798474208,6000.0
20260726,altered geometry,bi_corr_400_b_08,gel_ped,0.1845731327073526,0.06253023507400418,0.08236517596915013,17.160121101523806,0.76776468150236,6000.0
20260726,crossing external,crossing_90_d_1,interaction_mlp,0.3769015758277277,0.13028027338979054,0.21647868158477968,8.484742750518638,0.8866920840681023,6000.0
20260726,crossing external,crossing_90_d_1,tensor_residual,0.34871850159519546,0.12009044155083864,0.1819922032184608,8.430702309883785,0.903003888300771,6000.0
20260726,crossing external,crossing_90_d_1,gel_ped,0.35810370480502424,0.12384685442193218,0.19679930515176958,8.377211162542329,0.8977126391591697,6000.0
20260726,crossing external,crossing_90_d_2,interaction_mlp,0.39431989095293213,0.13645382035005385,0.24164063967084234,6.624925851467786,0.9034406504801883,6000.0
20260726,crossing external,crossing_90_d_2,tensor_residual,0.35955392986707907,0.12304480579395954,0.197868953310302,6.554904875687235,0.9197167322571589,6000.0
20260726,crossing external,crossing_90_d_2,gel_ped,0.3715658753673306,0.12803913880832937,0.21629589398728263,6.513270699643334,0.9142629365837761,6000.0
20260726,crossing external,crossing_90_d_3,interaction_mlp,0.3711509719824436,0.12871969257969904,0.21276212060070251,5.892840968791928,0.9135264926498996,6000.0
20260726,crossing external,crossing_90_d_3,tensor_residual,0.34435238664750206,0.11871739770634951,0.18250442871343642,5.777913433295064,0.9255631366322531,6000.0
20260726,crossing external,crossing_90_d_3,gel_ped,0.3540390303053422,0.12261199441894109,0.19583561944653458,5.803639347275174,0.9213164121410211,6000.0
20260726,crossing external,crossing_90_d_5,interaction_mlp,0.3679196920283016,0.1264517949796504,0.19301725206875062,8.916077221891154,0.8715677662784771,6000.0
20260726,crossing external,crossing_90_d_5,tensor_residual,0.3550345334496797,0.12244395643350561,0.1778179089670677,8.975471637197716,0.8804060621940945,6000.0
20260726,crossing external,crossing_90_d_5,gel_ped,0.3580104102697917,0.12342177170512342,0.18384647788598898,8.870990764046349,0.8783928023789084,6000.0
20260726,crossing external,crossing_90_d_6,interaction_mlp,0.34722314258660736,0.1186228989528858,0.1752451338816582,11.880589600223463,0.8490941542282875,6000.0
20260726,crossing external,crossing_90_d_6,tensor_residual,0.3435640542387513,0.11679356475154667,0.16423575121024878,12.227961712716535,0.8522579315756262,6000.0
20260726,crossing external,crossing_90_d_6,gel_ped,0.3426060681308375,0.11689826692939183,0.16852512412562115,11.924935348264114,0.8530807040461571,6000.0
20260726,crossing external,crossing_90_d_7,interaction_mlp,0.35311133190009786,0.11970360615359979,0.18308589023756355,13.765806418299492,0.8239856151552309,6000.0
20260726,crossing external,crossing_90_d_7,tensor_residual,0.3586233888945362,0.11985312556057837,0.1757764163167964,13.808521468316428,0.8184475672982808,6000.0
20260726,crossing external,crossing_90_d_7,gel_ped,0.35114696068064677,0.11865032760433747,0.17798926696541992,13.630559807714814,0.8259385168584733,6000.0
20260726,crossing external,crossing_90_d_8,interaction_mlp,0.360837521976647,0.12040250070225766,0.19114040676286168,15.075017787689976,0.8044956978638687,6000.0
20260726,crossing external,crossing_90_d_8,tensor_residual,0.3528296027750791,0.1172164002726634,0.1740360381414705,15.01622119706826,0.8130769034965522,6000.0
20260726,crossing external,crossing_90_d_8,gel_ped,0.3518354901096191,0.11738503694356257,0.18044782977565174,14.84525501568015,0.8141287474156029,6000.0
20260726,crossing external,crossing_90_e_1,interaction_mlp,0.35301143237954596,0.12097076857089245,0.1727540556079529,10.764160043021285,0.8727552863529671,6000.0
20260726,crossing external,crossing_90_e_1,tensor_residual,0.34808803318242465,0.11863435941057963,0.16456665273238674,10.891620269249222,0.8762798624737518,6000.0
20260726,crossing external,crossing_90_e_1,gel_ped,0.34801490614187364,0.11907425082556422,0.16760474686085058,10.838019871482377,0.8763318397686612,6000.0
20260726,crossing external,crossing_90_e_2,interaction_mlp,0.3784520917113696,0.12866340036117968,0.18284779781518573,12.646681849238725,0.8512569274906157,6000.0
20260726,crossing external,crossing_90_e_2,tensor_residual,0.3776883580271196,0.12744069339388753,0.17609684084569008,12.48233399167478,0.8518566624222395,6000.0
20260726,crossing external,crossing_90_e_2,gel_ped,0.37488163865543495,0.12725285886920384,0.1784253496324987,12.50022077588829,0.8540502795096555,6000.0
20260726,crossing external,crossing_90_e_3,interaction_mlp,0.3864115396059084,0.13325037013634092,0.18720125249642464,12.72560321016114,0.823015750454613,6000.0
20260726,crossing external,crossing_90_e_3,tensor_residual,0.3843771740641296,0.13220343851832303,0.18394181157302417,12.749973434392512,0.8248744054431038,6000.0
20260726,crossing external,crossing_90_e_3,gel_ped,0.3828067569153229,0.13201348627995899,0.18468640089192448,12.56023571287947,0.826302473715641,6000.0
20260726,crossing external,crossing_90_e_4,interaction_mlp,0.37718000618958986,0.12884684466554977,0.1745510360387954,17.191166122340146,0.7886181016782571,6000.0
20260726,crossing external,crossing_90_e_4,tensor_residual,0.37933740236339597,0.12884927577106722,0.17160506420444865,17.191081379078824,0.7861930594946711,6000.0
20260726,crossing external,crossing_90_e_4,gel_ped,0.37537259902742964,0.1281456194903844,0.17211606124644505,17.121970424009135,0.7906390877927252,6000.0
20260726,crossing external,crossing_90_e_5,interaction_mlp,0.3743956443931227,0.12758944059385116,0.17418172386475134,18.51757573717496,0.7529789186012888,6000.0
20260726,crossing external,crossing_90_e_5,tensor_residual,0.3844813485344879,0.12931615389338633,0.1758252749474681,18.880445862677924,0.7394908410610435,6000.0
20260726,crossing external,crossing_90_e_5,gel_ped,0.3764163607984673,0.1277902228282947,0.17421408664251048,18.65566671113418,0.750305241116356,6000.0
20260726,crossing external,crossing_90_e_6,interaction_mlp,0.3715545596509687,0.12459065776484995,0.18604355688322047,15.919273696047954,0.8056868893015885,6000.0
20260726,crossing external,crossing_90_e_6,tensor_residual,0.3790891834373398,0.12532017910844284,0.18018049409283132,16.57496518149346,0.7977261691887871,6000.0
20260726,crossing external,crossing_90_e_6,gel_ped,0.3702145660183875,0.12368482991156782,0.18122544189756953,16.18181759998585,0.8070859237279131,6000.0
