dataset,model,parameters,runs,mean_rmse_mps,sd_rmse_mps,mean_displacement_mae_m,mean_speed_mae_mps,mean_angle_deg
corridor held-out,direct_mlp,18434,5,0.1811797956072402,0.01316884934468332,0.06129636629767762,0.07627744295718923,11.464719487647004
corridor held-out,direct_routed_control,-1,5,0.17618036513658275,0.014431528130551288,0.05961820664190147,0.07489217411462461,11.384101521543538
corridor held-out,gel_ped_v1,-1,5,0.17507496820350926,0.01445270668510768,0.059234207179954104,0.07380912369256647,11.252562486410657
corridor held-out,prospective_direct_mlp,-1,5,0.1781768911056169,0.010962163701798835,0.06018878874232406,0.07817924138604032,10.894635536482266
corridor held-out,prospective_direct_router,-1,5,0.17140045926026548,0.011811360772182412,0.057827787304727186,0.07384850138489876,10.647273561891177
corridor held-out,prospective_transfer_control,-1,5,0.17140045926026548,0.011811360772182412,0.057827787304727186,0.07384850138489876,10.647273561891177
corridor held-out,prospective_residual_hgb,-1,5,0.1700680830016718,0.011455732224577443,0.057451910163297024,0.07271976257643636,10.512876071320342
corridor held-out,prospective_residual_mlp,-1,5,0.17792991104675743,0.009664227490764723,0.060148452690272546,0.07721760139376892,10.841869132324733
corridor held-out,gel_ped_prospective,-1,5,0.1700680830016718,0.011455732224577443,0.057451910163297024,0.07271976257643636,10.512876071320342
corridor held-out,gel_ped_prospective_transfer,-1,5,0.1700680830016718,0.011455732224577443,0.057451910163297024,0.07271976257643636,10.512876071320342
altered geometry,direct_mlp,18434,3,0.1792171261513927,0.0047509442530444855,0.06072201110731338,0.07898548636566034,15.500016069502896
altered geometry,direct_routed_control,-1,3,0.17006361193633027,0.005637330063537784,0.05780756852527045,0.07777819365829332,15.2120022573433
altered geometry,gel_ped_v1,-1,3,0.1689963236516909,0.0056055044527636155,0.05751566017420148,0.07649735651607291,15.281050968189044
altered geometry,prospective_direct_mlp,-1,3,0.1776424392673238,0.004521409492769142,0.06028475156636658,0.08327661689688055,15.098461776570879
altered geometry,prospective_direct_router,-1,3,0.16800554328279296,0.0046678422900839674,0.057071463041980214,0.07668380851765687,14.552419039518831
altered geometry,prospective_transfer_control,-1,3,0.16800554328279296,0.0046678422900839674,0.057071463041980214,0.07668380851765687,14.552419039518831
altered geometry,prospective_residual_hgb,-1,3,0.1659842587804559,0.003970264169926918,0.056532248865985624,0.07508981533547554,14.518199766214563
altered geometry,prospective_residual_mlp,-1,3,0.1783030290034033,0.004310165004163031,0.06050059231336576,0.08218124492684709,14.984796657345905
altered geometry,gel_ped_prospective,-1,3,0.1659842587804559,0.003970264169926918,0.056532248865985624,0.07508981533547554,14.518199766214563
altered geometry,gel_ped_prospective_transfer,-1,3,0.16587709780426804,0.00382594193545743,0.056491147394286574,0.07505379876724193,14.4721626241569
crossing topology,direct_mlp,18434,13,0.36799020124042603,0.013343030571781631,0.12600969361425127,0.18655306969153587,12.247311339565224
crossing topology,direct_routed_control,-1,13,0.36816287694752936,0.013203767754018512,0.12607693441124618,0.18653148535731437,12.275579875118884
crossing topology,gel_ped_v1,-1,13,0.3511420914733038,0.014095357892722296,0.11954111119420377,0.16217085637538226,12.331316113469532
crossing topology,prospective_direct_mlp,-1,13,0.36377321955687614,0.015645146029339217,0.1240688407274068,0.1886165110775357,11.81856354728766
crossing topology,prospective_direct_router,-1,13,0.36508146688841775,0.015012972391630191,0.1245937264382427,0.189245150714257,11.923551256808974
crossing topology,prospective_transfer_control,-1,13,0.36910614933535685,0.012790047876083434,0.12643106613491426,0.18749438551119368,12.343493548254523
crossing topology,prospective_residual_hgb,-1,13,0.36253739343948654,0.013399274160811566,0.12459881742405102,0.17102001394732017,12.99361754267707
crossing topology,prospective_residual_mlp,-1,13,0.35568554626674687,0.01478646448091859,0.12144730680485225,0.16600112113721324,12.301794159437263
crossing topology,gel_ped_prospective,-1,13,0.36253739343948654,0.013399274160811566,0.12459881742405102,0.17102001394732017,12.99361754267707
crossing topology,gel_ped_prospective_transfer,-1,13,0.350755334463992,0.014288808379888412,0.11941213930253253,0.16325717259453632,12.255933681321633
