dataset,run,diagnostic,stratum,samples,graph_sse,guard_sse,median_sse,mean_score,mean_neighbour_count,mean_occupancy,mean_speed_mps,rho
familiar corridor,bi_corr_400_a_03,epistemic stratum,inside,5598,119.62974628565824,119.62974628565824,120.19322389303213,0.02672395954195483,53.72865309038942,118.93336906037871,0.36552662326634217,
familiar corridor,bi_corr_400_a_03,epistemic stratum,0--1 IQR,314,9.462986455579218,9.048094351282902,9.536668354747718,0.04232604954175376,43.57006369426752,114.54458598726114,0.4038640259438947,
familiar corridor,bi_corr_400_a_03,epistemic stratum,1--2 IQR,71,2.075919917775981,2.0855868895087317,2.1481458789754813,0.05405888048197422,43.0,108.61971830985915,0.5511904088190993,
familiar corridor,bi_corr_400_a_03,epistemic stratum,>2 IQR,17,0.8926261240550974,0.8733994130492112,0.9214571343268323,0.07125796607768638,42.8235294117647,123.11764705882354,0.40550611462654274,
familiar corridor,bi_corr_400_a_03,run-level Spearman correlation,neighbour_count,6000,,,,,,,,-0.3173846639195342
familiar corridor,bi_corr_400_a_03,run-level Spearman correlation,occupancy,6000,,,,,,,,-0.04014697517109953
familiar corridor,bi_corr_400_a_03,run-level Spearman correlation,speed_mps,6000,,,,,,,,0.015668352601898684
familiar corridor,bi_corr_400_a_03,run-level Spearman correlation,graph_minus_guard_squared_error,6000,,,,,,,,0.02814143564848922
familiar corridor,bi_corr_400_b_02,epistemic stratum,inside,3699,104.8147247166107,104.8147247166107,105.00489692387032,0.025384150475932378,11.164098404974318,24.670181130035143,1.2351941185878872,
familiar corridor,bi_corr_400_b_02,epistemic stratum,0--1 IQR,237,10.321125263316357,10.737305028467183,10.206497320754462,0.04251545724758256,10.156118143459915,24.772151898734176,1.244806195339281,
familiar corridor,bi_corr_400_b_02,epistemic stratum,1--2 IQR,46,2.1106028803261947,2.113337183046125,2.126948909341994,0.053713616436852823,8.826086956521738,23.02173913043478,1.3111449036281217,
familiar corridor,bi_corr_400_b_02,epistemic stratum,>2 IQR,7,0.3139306679870095,0.408124796926287,0.30788970637690066,0.06524132586286344,10.285714285714286,23.428571428571427,1.5254081106841446,
familiar corridor,bi_corr_400_b_02,run-level Spearman correlation,neighbour_count,3989,,,,,,,,-0.07890383305384446
familiar corridor,bi_corr_400_b_02,run-level Spearman correlation,occupancy,3989,,,,,,,,-0.03564413760026517
familiar corridor,bi_corr_400_b_02,run-level Spearman correlation,speed_mps,3989,,,,,,,,-0.032612176717547674
familiar corridor,bi_corr_400_b_02,run-level Spearman correlation,graph_minus_guard_squared_error,3989,,,,,,,,-0.043977344977652384
familiar corridor,bi_corr_400_b_04,epistemic stratum,inside,5700,162.635933727557,162.635933727557,163.46461094087783,0.025529907891905877,43.50912280701754,94.22578947368422,0.4716848128658882,
familiar corridor,bi_corr_400_b_04,epistemic stratum,0--1 IQR,237,11.561258098163247,11.000390982313766,11.571569733017455,0.042237664627186526,42.729957805907176,97.84388185654008,0.4584841564606898,
familiar corridor,bi_corr_400_b_04,epistemic stratum,1--2 IQR,49,2.491313066384042,2.576380272219854,2.5289437827364103,0.05475118197726045,33.714285714285715,91.34693877551021,0.5394301872732571,
familiar corridor,bi_corr_400_b_04,epistemic stratum,>2 IQR,14,2.262014640400379,0.727189509821477,2.1006727928068494,0.07322351557124648,23.785714285714285,55.857142857142854,0.8568205730387172,
familiar corridor,bi_corr_400_b_04,run-level Spearman correlation,neighbour_count,6000,,,,,,,,-0.04720667979098238
familiar corridor,bi_corr_400_b_04,run-level Spearman correlation,occupancy,6000,,,,,,,,0.09347819758022988
familiar corridor,bi_corr_400_b_04,run-level Spearman correlation,speed_mps,6000,,,,,,,,-0.10346068881835248
familiar corridor,bi_corr_400_b_04,run-level Spearman correlation,graph_minus_guard_squared_error,6000,,,,,,,,0.021719048008252872
familiar corridor,bi_corr_400_b_06,epistemic stratum,inside,5527,146.31489954360666,146.31489954360666,147.2276025349085,0.027058976960352144,56.8581508956034,124.11163379772029,0.31979383096220476,
familiar corridor,bi_corr_400_b_06,epistemic stratum,0--1 IQR,367,14.121800534777947,14.201024191033161,14.177204942858424,0.041755701799191455,53.35967302452316,128.6675749318801,0.32293222092724627,
familiar corridor,bi_corr_400_b_06,epistemic stratum,1--2 IQR,78,2.9274646380216827,3.1533936180786957,2.851327304917948,0.053757439835625004,54.32051282051282,133.21794871794873,0.36269495090256615,
familiar corridor,bi_corr_400_b_06,epistemic stratum,>2 IQR,28,0.9223963425799171,1.1582730405142727,0.9992260297321871,0.06939692293615489,55.892857142857146,136.17857142857142,0.3579737429611135,
familiar corridor,bi_corr_400_b_06,run-level Spearman correlation,neighbour_count,6000,,,,,,,,0.0005274874762194683
familiar corridor,bi_corr_400_b_06,run-level Spearman correlation,occupancy,6000,,,,,,,,0.15056189639014456
familiar corridor,bi_corr_400_b_06,run-level Spearman correlation,speed_mps,6000,,,,,,,,-0.12537362370482288
familiar corridor,bi_corr_400_b_06,run-level Spearman correlation,graph_minus_guard_squared_error,6000,,,,,,,,0.031511801867785974
familiar corridor,bi_corr_400_b_10,epistemic stratum,inside,5782,110.73137762361603,110.73137762361603,111.91454554321405,0.02546517755741871,46.26011760636458,102.51383604289174,0.40541986264829516,
familiar corridor,bi_corr_400_b_10,epistemic stratum,0--1 IQR,183,5.6279181672991,5.7483802043974155,5.60213829081879,0.04179257886991547,42.69398907103825,104.90163934426229,0.3575228002876692,
familiar corridor,bi_corr_400_b_10,epistemic stratum,1--2 IQR,26,0.8336360359956216,0.8523943408797393,0.8092728884833482,0.05607674066656861,37.61538461538461,97.07692307692308,0.44403830475306477,
familiar corridor,bi_corr_400_b_10,epistemic stratum,>2 IQR,9,0.40757861953709,0.34090771566561157,0.3827686255059654,0.06604169850066884,39.666666666666664,108.22222222222223,0.37551463787688455,
familiar corridor,bi_corr_400_b_10,run-level Spearman correlation,neighbour_count,6000,,,,,,,,-0.10213532767483534
familiar corridor,bi_corr_400_b_10,run-level Spearman correlation,occupancy,6000,,,,,,,,0.1259739678401605
familiar corridor,bi_corr_400_b_10,run-level Spearman correlation,speed_mps,6000,,,,,,,,-0.17707468344897836
familiar corridor,bi_corr_400_b_10,run-level Spearman correlation,graph_minus_guard_squared_error,6000,,,,,,,,0.004979786275964987
altered geometry,bi_corr_400_a_04,epistemic stratum,inside,5440,121.40834630809219,121.40834630809219,122.1640803910391,0.02747008843175075,59.80422794117647,131.85514705882352,0.2961390466079385,
altered geometry,bi_corr_400_a_04,epistemic stratum,0--1 IQR,460,16.717655603061427,16.682165004720453,16.85608984555306,0.041815699670589505,52.81956521739131,127.57173913043478,0.32793934607074343,
altered geometry,bi_corr_400_a_04,epistemic stratum,1--2 IQR,84,3.6097469288391766,3.5066679294337346,3.5932435003928425,0.05424275697727402,45.98809523809524,123.20238095238095,0.36651386203480857,
altered geometry,bi_corr_400_a_04,epistemic stratum,>2 IQR,16,0.22836255455926496,0.354080511262885,0.2560487673561273,0.06653933366251594,37.25,93.875,0.6400555517866762,
altered geometry,bi_corr_400_a_04,run-level Spearman correlation,neighbour_count,6000,,,,,,,,-0.27239174508276565
altered geometry,bi_corr_400_a_04,run-level Spearman correlation,occupancy,6000,,,,,,,,-0.08826386933195894
altered geometry,bi_corr_400_a_04,run-level Spearman correlation,speed_mps,6000,,,,,,,,0.05596591511327353
altered geometry,bi_corr_400_a_04,run-level Spearman correlation,graph_minus_guard_squared_error,6000,,,,,,,,-0.0014046949808179017
altered geometry,bi_corr_400_a_05,epistemic stratum,inside,5582,116.61172880349913,116.61172880349913,117.60852315430776,0.02683115364442985,56.472232174847726,125.3305266929416,0.3093758765011158,
altered geometry,bi_corr_400_a_05,epistemic stratum,0--1 IQR,354,11.851729534723592,11.839661467009208,12.015592274965062,0.04189710765435558,47.855932203389834,117.61581920903954,0.3289187322174321,
altered geometry,bi_corr_400_a_05,epistemic stratum,1--2 IQR,58,2.5828807741936917,2.6243553998372735,2.5684271226979414,0.05436099793340455,41.51724137931034,115.72413793103448,0.3419331740776064,
altered geometry,bi_corr_400_a_05,epistemic stratum,>2 IQR,6,0.2690894717134893,0.28231691758342253,0.25898299834786453,0.0661039333076091,40.5,132.0,0.2874571700556599,
altered geometry,bi_corr_400_a_05,run-level Spearman correlation,neighbour_count,6000,,,,,,,,-0.2648897746149012
altered geometry,bi_corr_400_a_05,run-level Spearman correlation,occupancy,6000,,,,,,,,-0.009831581667908098
altered geometry,bi_corr_400_a_05,run-level Spearman correlation,speed_mps,6000,,,,,,,,-0.009442396206733228
altered geometry,bi_corr_400_a_05,run-level Spearman correlation,graph_minus_guard_squared_error,6000,,,,,,,,-0.01755748136744852
altered geometry,bi_corr_400_b_08,epistemic stratum,inside,5073,119.32347703156088,119.32347703156088,120.48756420560615,0.028354945328011742,66.37886851961365,144.82377291543466,0.25612408690013877,
altered geometry,bi_corr_400_b_08,epistemic stratum,0--1 IQR,707,21.132743754752603,21.16014291238013,21.234761950676607,0.0422002285518037,66.33380480905234,157.0891089108911,0.21600909222087158,
altered geometry,bi_corr_400_b_08,epistemic stratum,1--2 IQR,141,4.803160089892436,4.912747370691651,4.892141394400712,0.05466847394810859,61.723404255319146,152.34751773049646,0.2813799305127785,
altered geometry,bi_corr_400_b_08,epistemic stratum,>2 IQR,79,3.0388052347172745,3.2974184412288574,3.0827423202379394,0.06961568009828105,61.607594936708864,163.86075949367088,0.2949193401300424,
altered geometry,bi_corr_400_b_08,run-level Spearman correlation,neighbour_count,6000,,,,,,,,0.10324280686376364
altered geometry,bi_corr_400_b_08,run-level Spearman correlation,occupancy,6000,,,,,,,,0.3630854081319758
altered geometry,bi_corr_400_b_08,run-level Spearman correlation,speed_mps,6000,,,,,,,,-0.1790480779482667
altered geometry,bi_corr_400_b_08,run-level Spearman correlation,graph_minus_guard_squared_error,6000,,,,,,,,0.022111333107384286
crossing topology,crossing_90_d_1,epistemic stratum,inside,3911,413.92146860833117,413.92146860833117,414.57838222740287,0.029231341761296978,37.128611608284324,92.34773715162362,0.9652828821750156,
crossing topology,crossing_90_d_1,epistemic stratum,0--1 IQR,1162,165.21019294801073,157.52868081199028,165.02484040568962,0.04257193288898842,26.464716006884682,81.10068846815835,1.4595982808048311,
crossing topology,crossing_90_d_1,epistemic stratum,1--2 IQR,533,83.390131930809,68.86636664333338,84.02324957610594,0.05490923491453583,13.534709193245778,48.15384615384615,1.927895749759377,
crossing topology,crossing_90_d_1,epistemic stratum,>2 IQR,394,249.63540558282034,51.76008545296455,111.15201080697246,0.25120496325281433,9.6751269035533,32.1751269035533,2.0268773097878108,
crossing topology,crossing_90_d_1,run-level Spearman correlation,neighbour_count,6000,,,,,,,,-0.45895641292463013
crossing topology,crossing_90_d_1,run-level Spearman correlation,occupancy,6000,,,,,,,,-0.3249904822603969
crossing topology,crossing_90_d_1,run-level Spearman correlation,speed_mps,6000,,,,,,,,0.5808078370932872
crossing topology,crossing_90_d_1,run-level Spearman correlation,graph_minus_guard_squared_error,6000,,,,,,,,0.17912066281126385
crossing topology,crossing_90_d_2,epistemic stratum,inside,2914,327.84887228736466,327.84887228736466,328.29830642805763,0.03057931540827826,32.975978037062454,86.5751544269046,1.1226091481101599,
crossing topology,crossing_90_d_2,epistemic stratum,0--1 IQR,1656,236.1647870120164,224.9600860814097,237.65759659708414,0.04316086187379909,18.55132850241546,62.60084541062802,1.6657624847974923,
crossing topology,crossing_90_d_2,epistemic stratum,1--2 IQR,856,133.12698973193062,110.7753636060385,134.40352739185823,0.05469765300973158,11.785046728971963,45.08644859813084,1.9412641606332979,
crossing topology,crossing_90_d_2,epistemic stratum,>2 IQR,574,119.20319676714062,106.37219352485084,121.4231380019428,0.0720266103200336,8.818815331010454,34.93554006968641,2.1221738504705656,
crossing topology,crossing_90_d_2,run-level Spearman correlation,neighbour_count,6000,,,,,,,,-0.5745410879711632
crossing topology,crossing_90_d_2,run-level Spearman correlation,occupancy,6000,,,,,,,,-0.48247266023581853
crossing topology,crossing_90_d_2,run-level Spearman correlation,speed_mps,6000,,,,,,,,0.6112296507934557
crossing topology,crossing_90_d_2,run-level Spearman correlation,graph_minus_guard_squared_error,6000,,,,,,,,0.13774187962939452
crossing topology,crossing_90_d_3,epistemic stratum,inside,2613,284.1284829093354,284.1284829093354,284.82880191248114,0.031730442750754435,14.487179487179487,42.849980864906236,1.5914442737230525,
crossing topology,crossing_90_d_3,epistemic stratum,0--1 IQR,2276,320.97605345407214,298.6229871698232,321.9205656956319,0.04309407506463283,14.471441124780316,45.41739894551846,1.6662951965967976,
crossing topology,crossing_90_d_3,epistemic stratum,1--2 IQR,831,131.84438193822461,115.06920472247137,132.65106080592054,0.05434939688621948,13.173285198555957,44.73886883273165,1.817821836641032,
crossing topology,crossing_90_d_3,epistemic stratum,>2 IQR,280,73.75017739533334,67.47770970626804,73.74543565043493,0.07229741171729716,13.257142857142858,43.082142857142856,2.0138174000133766,
crossing topology,crossing_90_d_3,run-level Spearman correlation,neighbour_count,6000,,,,,,,,-0.03897463260655763
crossing topology,crossing_90_d_3,run-level Spearman correlation,occupancy,6000,,,,,,,,0.059287714113729184
crossing topology,crossing_90_d_3,run-level Spearman correlation,speed_mps,6000,,,,,,,,0.2631681515207599
crossing topology,crossing_90_d_3,run-level Spearman correlation,graph_minus_guard_squared_error,6000,,,,,,,,0.20036562982131312
crossing topology,crossing_90_d_5,epistemic stratum,inside,3989,441.45648356614674,441.45648356614674,442.7486801313066,0.03039949448267038,30.291050388568564,80.61544246678365,1.07840838950696,
crossing topology,crossing_90_d_5,epistemic stratum,0--1 IQR,1490,197.0820601984579,190.0930141932993,197.47447320917007,0.04250219571207259,24.93288590604027,77.52013422818791,1.36885366093402,
crossing topology,crossing_90_d_5,epistemic stratum,1--2 IQR,352,57.048935557849376,54.99492948565235,57.31901861240247,0.05417078631304832,21.650568181818183,72.82670454545455,1.6381453162142796,
crossing topology,crossing_90_d_5,epistemic stratum,>2 IQR,169,94.8404555256284,45.90772833036756,80.31410010820731,0.12177548066963989,19.78698224852071,67.81065088757397,1.7681271985801081,
crossing topology,crossing_90_d_5,run-level Spearman correlation,neighbour_count,6000,,,,,,,,-0.27927161636629866
crossing topology,crossing_90_d_5,run-level Spearman correlation,occupancy,6000,,,,,,,,-0.1613492672077235
crossing topology,crossing_90_d_5,run-level Spearman correlation,speed_mps,6000,,,,,,,,0.42956617450232176
crossing topology,crossing_90_d_5,run-level Spearman correlation,graph_minus_guard_squared_error,6000,,,,,,,,0.10059663188918579
crossing topology,crossing_90_d_6,epistemic stratum,inside,4940,493.7830761783412,493.7830761783412,494.5802065596827,0.0285530214991672,42.71821862348178,128.20384615384614,0.8035464991072353,
crossing topology,crossing_90_d_6,epistemic stratum,0--1 IQR,782,126.8312947500055,123.50803582763074,126.60305224768393,0.04211435777442248,32.80434782608695,115.71867007672634,1.2589959205417505,
crossing topology,crossing_90_d_6,epistemic stratum,1--2 IQR,187,28.03162708639708,27.349953565712916,28.025012541515032,0.05451117335844227,26.727272727272727,107.28877005347593,1.5377762167514528,
crossing topology,crossing_90_d_6,epistemic stratum,>2 IQR,91,19.691301091808416,18.107961547449243,19.721199280721482,0.07252669362263282,22.681318681318682,93.94505494505495,1.8138955378219268,
crossing topology,crossing_90_d_6,run-level Spearman correlation,neighbour_count,6000,,,,,,,,-0.24657716186042503
crossing topology,crossing_90_d_6,run-level Spearman correlation,occupancy,6000,,,,,,,,-0.21505707997611914
crossing topology,crossing_90_d_6,run-level Spearman correlation,speed_mps,6000,,,,,,,,0.4207448828743555
crossing topology,crossing_90_d_6,run-level Spearman correlation,graph_minus_guard_squared_error,6000,,,,,,,,0.07938082020621932
crossing topology,crossing_90_d_7,epistemic stratum,inside,4859,441.4885378283294,441.4885378283294,442.0610497313974,0.029089467519882516,50.09322905947726,153.31920148178637,0.6831826168080369,
crossing topology,crossing_90_d_7,epistemic stratum,0--1 IQR,889,120.37792079794353,119.44026815391385,120.60410813914422,0.04206655933830655,38.821147356580425,145.82452193475817,1.0526442429013323,
crossing topology,crossing_90_d_7,epistemic stratum,1--2 IQR,162,28.982186952627472,29.30475908702779,28.747797082546683,0.05430577675524731,29.88888888888889,135.04320987654322,1.3696022756138637,
crossing topology,crossing_90_d_7,epistemic stratum,>2 IQR,90,16.99412144993721,16.366322525015992,17.674120620567294,0.07955581940211344,28.233333333333334,127.86666666666666,1.4760848510149294,
crossing topology,crossing_90_d_7,run-level Spearman correlation,neighbour_count,6000,,,,,,,,-0.20950576137223845
crossing topology,crossing_90_d_7,run-level Spearman correlation,occupancy,6000,,,,,,,,-0.07657786732718658
crossing topology,crossing_90_d_7,run-level Spearman correlation,speed_mps,6000,,,,,,,,0.30983314008846446
crossing topology,crossing_90_d_7,run-level Spearman correlation,graph_minus_guard_squared_error,6000,,,,,,,,0.04710530913901408
crossing topology,crossing_90_d_8,epistemic stratum,inside,4693,395.55825793378216,395.55825793378216,396.5539177772531,0.029006344114942496,57.67078627743448,175.96377583635203,0.6012887172102892,
crossing topology,crossing_90_d_8,epistemic stratum,0--1 IQR,904,144.5043004256413,142.4978309177312,145.1727857396682,0.04250599898936321,46.336283185840706,170.56415929203538,0.9881744565601894,
crossing topology,crossing_90_d_8,epistemic stratum,1--2 IQR,263,50.71145212114038,51.08755358216412,50.68068240798095,0.054500452257776826,39.631178707224336,155.8897338403042,1.2989368098729535,
crossing topology,crossing_90_d_8,epistemic stratum,>2 IQR,140,49.39908402802172,42.289792995103895,50.473198513271555,0.07559467306368058,30.942857142857143,138.04285714285714,1.6139056221360715,
crossing topology,crossing_90_d_8,run-level Spearman correlation,neighbour_count,6000,,,,,,,,-0.2373006334743803
crossing topology,crossing_90_d_8,run-level Spearman correlation,occupancy,6000,,,,,,,,-0.17481119913764825
crossing topology,crossing_90_d_8,run-level Spearman correlation,speed_mps,6000,,,,,,,,0.3356648766262779
crossing topology,crossing_90_d_8,run-level Spearman correlation,graph_minus_guard_squared_error,6000,,,,,,,,0.027465839507685334
crossing topology,crossing_90_e_1,epistemic stratum,inside,4379,430.081667091797,430.081667091797,430.590816090417,0.0286100597869584,33.14432518839918,89.0401918246175,0.8436552641245791,
crossing topology,crossing_90_e_1,epistemic stratum,0--1 IQR,1031,138.51143187147142,132.19113838472262,139.2722730521949,0.04268800492709518,17.242483026188168,59.699321047526674,1.4437541892603272,
crossing topology,crossing_90_e_1,epistemic stratum,1--2 IQR,350,56.407338156806894,47.711490685108984,56.17352016707177,0.05440454049470623,10.742857142857142,41.85142857142857,1.6818274493416923,
crossing topology,crossing_90_e_1,epistemic stratum,>2 IQR,240,49.064946916985136,43.88390482957027,49.32614138173453,0.07382424889956478,9.441666666666666,36.0875,1.7782036483855321,
crossing topology,crossing_90_e_1,run-level Spearman correlation,neighbour_count,6000,,,,,,,,-0.5385436087744351
crossing topology,crossing_90_e_1,run-level Spearman correlation,occupancy,6000,,,,,,,,-0.4408492524812506
crossing topology,crossing_90_e_1,run-level Spearman correlation,speed_mps,6000,,,,,,,,0.5744514158151343
crossing topology,crossing_90_e_1,run-level Spearman correlation,graph_minus_guard_squared_error,6000,,,,,,,,0.1607697666547009
crossing topology,crossing_90_e_2,epistemic stratum,inside,3832,420.07831803617466,420.07831803617466,420.1673012554827,0.02946343232728279,40.126304801670145,81.00130480167014,0.6933168368523843,
crossing topology,crossing_90_e_2,epistemic stratum,0--1 IQR,1349,226.91949103409945,217.95342291445232,227.45427469115876,0.04300114336578456,22.954781319495922,55.57227575982209,1.2342896230481155,
crossing topology,crossing_90_e_2,epistemic stratum,1--2 IQR,489,104.05418785369102,99.79652915854837,104.56070663592249,0.05485084867174976,16.717791411042946,42.52760736196319,1.4556554776472495,
crossing topology,crossing_90_e_2,epistemic stratum,>2 IQR,330,84.6454354370602,72.93020579069584,85.49798875205764,0.07376683734640992,14.063636363636364,35.38787878787879,1.6172397075817138,
crossing topology,crossing_90_e_2,run-level Spearman correlation,neighbour_count,6000,,,,,,,,-0.5666405198654139
crossing topology,crossing_90_e_2,run-level Spearman correlation,occupancy,6000,,,,,,,,-0.49629189268166596
crossing topology,crossing_90_e_2,run-level Spearman correlation,speed_mps,6000,,,,,,,,0.5394084776153079
crossing topology,crossing_90_e_2,run-level Spearman correlation,graph_minus_guard_squared_error,6000,,,,,,,,0.13539857063259353
crossing topology,crossing_90_e_3,epistemic stratum,inside,4269,555.701199788341,555.701199788341,556.1836151439147,0.029459309582380043,30.6170063246662,59.69290231904427,0.8499024760027347,
crossing topology,crossing_90_e_3,epistemic stratum,0--1 IQR,1219,206.19244512330687,202.47357239329267,205.78925825912435,0.04269230114571049,21.942575881870386,53.45939294503692,1.2274927050832072,
crossing topology,crossing_90_e_3,epistemic stratum,1--2 IQR,335,68.78771715895454,67.84711759563206,68.7424811980387,0.05427620222823218,19.259701492537314,51.02388059701492,1.4133755680022944,
crossing topology,crossing_90_e_3,epistemic stratum,>2 IQR,177,60.84119646280186,63.792931320589936,60.397920040222246,0.07362803262144269,14.271186440677965,42.19774011299435,1.6015802797219418,
crossing topology,crossing_90_e_3,run-level Spearman correlation,neighbour_count,6000,,,,,,,,-0.39831722600398634
crossing topology,crossing_90_e_3,run-level Spearman correlation,occupancy,6000,,,,,,,,-0.25383275698085517
crossing topology,crossing_90_e_3,run-level Spearman correlation,speed_mps,6000,,,,,,,,0.4518350835851235
crossing topology,crossing_90_e_3,run-level Spearman correlation,graph_minus_guard_squared_error,6000,,,,,,,,0.024225665470924734
crossing topology,crossing_90_e_4,epistemic stratum,inside,4797,539.5369049336264,539.5369049336264,539.8421775562294,0.028338705682121674,34.51928288513654,70.86303939962477,0.6529749273683356,
crossing topology,crossing_90_e_4,epistemic stratum,0--1 IQR,856,143.1004121491113,139.41549236718043,143.23518097038504,0.04238583231270465,24.60397196261682,64.88200934579439,1.1838727993563045,
crossing topology,crossing_90_e_4,epistemic stratum,1--2 IQR,215,51.67229033456906,51.044994716878676,51.430519651185804,0.05405577311342722,21.930232558139537,61.75813953488372,1.3187361331787846,
crossing topology,crossing_90_e_4,epistemic stratum,>2 IQR,132,49.218331244460586,44.543271451106605,48.93007813812359,0.08061503484724826,19.37121212121212,54.20454545454545,1.6176710165639556,
crossing topology,crossing_90_e_4,run-level Spearman correlation,neighbour_count,6000,,,,,,,,-0.2730472646793001
crossing topology,crossing_90_e_4,run-level Spearman correlation,occupancy,6000,,,,,,,,-0.1526613396367913
crossing topology,crossing_90_e_4,run-level Spearman correlation,speed_mps,6000,,,,,,,,0.42534030269258544
crossing topology,crossing_90_e_4,run-level Spearman correlation,graph_minus_guard_squared_error,6000,,,,,,,,0.06988669969863824
crossing topology,crossing_90_e_5,epistemic stratum,inside,4988,522.169667459288,522.169667459288,522.1102969992982,0.028647848309964984,40.235364875701684,88.66820368885325,0.6088847248637979,
crossing topology,crossing_90_e_5,epistemic stratum,0--1 IQR,726,117.71165655935239,115.85149151396358,118.0039336625754,0.04240234086658268,29.296143250688704,84.81955922865014,0.9820754466808987,
crossing topology,crossing_90_e_5,epistemic stratum,1--2 IQR,182,38.43683116701884,38.46218634586012,38.33211262320775,0.05428211536025195,29.412087912087912,81.07692307692308,1.0584574673513316,
crossing topology,crossing_90_e_5,epistemic stratum,>2 IQR,104,21.838140848649743,22.65504806257259,21.77671234876663,0.07327154682594982,24.028846153846153,74.125,1.3353110591736426,
crossing topology,crossing_90_e_5,run-level Spearman correlation,neighbour_count,6000,,,,,,,,-0.26911841618922383
crossing topology,crossing_90_e_5,run-level Spearman correlation,occupancy,6000,,,,,,,,-0.06513666243256055
crossing topology,crossing_90_e_5,run-level Spearman correlation,speed_mps,6000,,,,,,,,0.3157172456032187
crossing topology,crossing_90_e_5,run-level Spearman correlation,graph_minus_guard_squared_error,6000,,,,,,,,0.07501677318736197
crossing topology,crossing_90_e_6,epistemic stratum,inside,4464,444.978743703454,444.978743703454,445.31172367993975,0.029511586795282336,43.760528673835125,124.4655017921147,0.6120756982490082,
crossing topology,crossing_90_e_6,epistemic stratum,0--1 IQR,1081,161.71690982123883,156.5139131715826,161.6616129567184,0.04258591758468787,35.57169287696577,124.71877890841813,0.9816228953064363,
crossing topology,crossing_90_e_6,epistemic stratum,1--2 IQR,301,60.18749638029268,58.02747542024212,60.299265186423,0.05470868092815368,30.588039867109636,118.1029900332226,1.231087916193387,
crossing topology,crossing_90_e_6,epistemic stratum,>2 IQR,154,29.831158922729053,29.661612541599524,29.906698258426584,0.07659921856446474,22.714285714285715,108.74675324675324,1.6766776894509472,
crossing topology,crossing_90_e_6,run-level Spearman correlation,neighbour_count,6000,,,,,,,,-0.2550728734330941
crossing topology,crossing_90_e_6,run-level Spearman correlation,occupancy,6000,,,,,,,,-0.02283919344837815
crossing topology,crossing_90_e_6,run-level Spearman correlation,speed_mps,6000,,,,,,,,0.3646601524911855
crossing topology,crossing_90_e_6,run-level Spearman correlation,graph_minus_guard_squared_error,6000,,,,,,,,0.03529273561514431
untouched unidirectional corridor,ug-180-015,epistemic stratum,inside,911,42.61460633471798,42.61460633471798,42.744510914540044,0.029103047965756412,1.995609220636663,6.041712403951702,1.1354658671635887,
untouched unidirectional corridor,ug-180-015,epistemic stratum,0--1 IQR,228,11.52433837618815,11.368480330190863,11.275051127899808,0.04274036514731861,2.1842105263157894,5.951754385964913,1.0858716010346385,
untouched unidirectional corridor,ug-180-015,epistemic stratum,1--2 IQR,60,2.914210730374778,2.494561165400723,2.812255280546612,0.05394086597525402,1.7666666666666666,6.066666666666666,1.0501021789914868,
untouched unidirectional corridor,ug-180-015,epistemic stratum,>2 IQR,11,0.8879768855202924,0.649941610604272,0.8475944777627236,0.06616805466120917,1.4545454545454546,5.818181818181818,1.0640226052689075,
untouched unidirectional corridor,ug-180-015,run-level Spearman correlation,neighbour_count,1210,,,,,,,,0.11976488070009633
untouched unidirectional corridor,ug-180-015,run-level Spearman correlation,occupancy,1210,,,,,,,,-0.012475067655419355
untouched unidirectional corridor,ug-180-015,run-level Spearman correlation,speed_mps,1210,,,,,,,,-0.09437842682125902
untouched unidirectional corridor,ug-180-015,run-level Spearman correlation,graph_minus_guard_squared_error,1210,,,,,,,,0.12315723261784667
untouched unidirectional corridor,ug-180-030,epistemic stratum,inside,1505,61.59752122467829,61.59752122467829,62.04166968181856,0.02915802606879304,4.550830564784053,11.259800664451827,1.0492745269934567,
untouched unidirectional corridor,ug-180-030,epistemic stratum,0--1 IQR,498,20.767564433714334,20.553338499947444,20.53621842882208,0.04235359650494986,4.626506024096385,11.359437751004016,1.0145711380415845,
untouched unidirectional corridor,ug-180-030,epistemic stratum,1--2 IQR,126,5.409452626896455,5.147682156836243,5.040805262262783,0.05406560498171462,4.309523809523809,10.523809523809524,1.026127735446781,
untouched unidirectional corridor,ug-180-030,epistemic stratum,>2 IQR,25,1.7713139756838172,1.3133670295776927,1.5576717629867827,0.0675570815023275,3.16,10.32,0.9886531820796958,
untouched unidirectional corridor,ug-180-030,run-level Spearman correlation,neighbour_count,2154,,,,,,,,-0.014950330809339845
untouched unidirectional corridor,ug-180-030,run-level Spearman correlation,occupancy,2154,,,,,,,,-0.03256576863621875
untouched unidirectional corridor,ug-180-030,run-level Spearman correlation,speed_mps,2154,,,,,,,,-0.06677390318647616
untouched unidirectional corridor,ug-180-030,run-level Spearman correlation,graph_minus_guard_squared_error,2154,,,,,,,,0.021851719875395293
untouched unidirectional corridor,ug-180-060,epistemic stratum,inside,3601,187.11923376016273,187.11923376016273,188.3696625864501,0.026037024307219183,11.214107192446543,24.908636489863927,0.7915333573149972,
untouched unidirectional corridor,ug-180-060,epistemic stratum,0--1 IQR,305,14.566679421762958,14.732905872827533,14.572890536002763,0.042166687092384,8.708196721311475,23.508196721311474,0.7812695017920022,
untouched unidirectional corridor,ug-180-060,epistemic stratum,1--2 IQR,83,6.617685035843592,5.942519641580686,6.3449369190531355,0.05384610726648997,7.771084337349397,23.53012048192771,0.7428923308855806,
untouched unidirectional corridor,ug-180-060,epistemic stratum,>2 IQR,11,0.4382698381863821,0.27182746633168076,0.4055530052524431,0.06511277921082238,6.7272727272727275,22.636363636363637,0.7359901755778928,
untouched unidirectional corridor,ug-180-060,run-level Spearman correlation,neighbour_count,4000,,,,,,,,-0.4743157231207364
untouched unidirectional corridor,ug-180-060,run-level Spearman correlation,occupancy,4000,,,,,,,,-0.1534915679922756
untouched unidirectional corridor,ug-180-060,run-level Spearman correlation,speed_mps,4000,,,,,,,,0.02175033623439601
untouched unidirectional corridor,ug-180-060,run-level Spearman correlation,graph_minus_guard_squared_error,4000,,,,,,,,0.018231006540435916
untouched unidirectional corridor,ug-180-085,epistemic stratum,inside,3710,236.90915592313286,236.90915592313286,240.31791419570993,0.025713998025455796,12.652021563342318,29.304582210242586,0.6215031391107223,
untouched unidirectional corridor,ug-180-085,epistemic stratum,0--1 IQR,208,16.56684345838731,17.220265184916386,16.819054114842587,0.04231610963018611,9.076923076923077,25.004807692307693,0.6452753562241026,
untouched unidirectional corridor,ug-180-085,epistemic stratum,1--2 IQR,71,8.45436278414505,7.956791670184553,8.399302162075571,0.054010691152228764,7.563380281690141,23.943661971830984,0.6152701189361661,
untouched unidirectional corridor,ug-180-085,epistemic stratum,>2 IQR,11,0.7215515816647573,0.7629308729676649,0.7090218768129792,0.0665780414954232,7.454545454545454,23.363636363636363,0.4770066807770958,
untouched unidirectional corridor,ug-180-085,run-level Spearman correlation,neighbour_count,4000,,,,,,,,-0.4347795189802098
untouched unidirectional corridor,ug-180-085,run-level Spearman correlation,occupancy,4000,,,,,,,,-0.31681750858235774
untouched unidirectional corridor,ug-180-085,run-level Spearman correlation,speed_mps,4000,,,,,,,,0.14536517839782362
untouched unidirectional corridor,ug-180-085,run-level Spearman correlation,graph_minus_guard_squared_error,4000,,,,,,,,-0.09443546001157904
untouched unidirectional corridor,ug-180-095,epistemic stratum,inside,3905,265.3933997460542,265.3933997460542,267.3629785933765,0.02687546171904252,20.17592829705506,47.65224071702945,0.49738487657594227,
untouched unidirectional corridor,ug-180-095,epistemic stratum,0--1 IQR,88,5.849299749195911,6.2844732743577385,5.758924905996268,0.04189979536341942,11.454545454545455,33.01136363636363,0.8475801856743275,
untouched unidirectional corridor,ug-180-095,epistemic stratum,1--2 IQR,6,0.4718746357181181,0.5028378636351206,0.46257559238392876,0.05453328893130804,9.666666666666666,37.333333333333336,0.620080586279745,
untouched unidirectional corridor,ug-180-095,epistemic stratum,>2 IQR,1,0.1244724723125368,0.1046573518026703,0.12187160798015435,0.06391173029978499,10.0,47.0,0.4991321444763996,
untouched unidirectional corridor,ug-180-095,run-level Spearman correlation,neighbour_count,4000,,,,,,,,-0.001420471157716765
untouched unidirectional corridor,ug-180-095,run-level Spearman correlation,occupancy,4000,,,,,,,,0.03755365768902987
untouched unidirectional corridor,ug-180-095,run-level Spearman correlation,speed_mps,4000,,,,,,,,-0.00875102192193887
untouched unidirectional corridor,ug-180-095,run-level Spearman correlation,graph_minus_guard_squared_error,4000,,,,,,,,-0.04697663712373469
untouched unidirectional corridor,ug-180-110,epistemic stratum,inside,3758,259.3965563630678,259.3965563630678,262.2708510631213,0.026800736046810724,15.233102714209686,35.68493879723257,0.48448126383324097,
untouched unidirectional corridor,ug-180-110,epistemic stratum,0--1 IQR,176,11.771280008415012,12.08514265958038,11.889441885718732,0.04201601845384085,9.653409090909092,30.318181818181817,0.532188338086629,
untouched unidirectional corridor,ug-180-110,epistemic stratum,1--2 IQR,52,3.4359640385560954,3.4399897010603335,3.4108600515923806,0.05434532326129486,8.0,27.384615384615383,0.5390462507322789,
untouched unidirectional corridor,ug-180-110,epistemic stratum,>2 IQR,14,1.265776899627977,1.3278624107243517,1.2333437921366404,0.06642267640389064,7.785714285714286,33.42857142857143,0.4511246530013332,
untouched unidirectional corridor,ug-180-110,run-level Spearman correlation,neighbour_count,4000,,,,,,,,-0.18108758095947058
untouched unidirectional corridor,ug-180-110,run-level Spearman correlation,occupancy,4000,,,,,,,,-0.031933335943232354
untouched unidirectional corridor,ug-180-110,run-level Spearman correlation,speed_mps,4000,,,,,,,,-0.05564372147773259
untouched unidirectional corridor,ug-180-110,run-level Spearman correlation,graph_minus_guard_squared_error,4000,,,,,,,,-0.07443800706180707
untouched unidirectional corridor,ug-180-140,epistemic stratum,inside,3871,238.39825848572053,238.39825848572053,240.33449449348694,0.02773076533708594,23.780935158873675,55.52467062774477,0.33923681833502445,
untouched unidirectional corridor,ug-180-140,epistemic stratum,0--1 IQR,116,8.433829356705532,8.58878116234275,8.411309676732271,0.040729328483980205,17.75862068965517,51.810344827586206,0.4907773125656412,
untouched unidirectional corridor,ug-180-140,epistemic stratum,1--2 IQR,11,0.8624402789458834,0.8392552455443866,0.8711904237764803,0.05446714611187431,10.181818181818182,38.45454545454545,0.6990834684905873,
untouched unidirectional corridor,ug-180-140,epistemic stratum,>2 IQR,2,0.4942794754064106,0.456081262803691,0.4594888099312373,0.06705442210642064,7.5,32.5,0.834998406639335,
untouched unidirectional corridor,ug-180-140,run-level Spearman correlation,neighbour_count,4000,,,,,,,,0.03724676058550364
untouched unidirectional corridor,ug-180-140,run-level Spearman correlation,occupancy,4000,,,,,,,,0.13407957948051652
untouched unidirectional corridor,ug-180-140,run-level Spearman correlation,speed_mps,4000,,,,,,,,-0.03959864403741525
untouched unidirectional corridor,ug-180-140,run-level Spearman correlation,graph_minus_guard_squared_error,4000,,,,,,,,-0.07747295979140432
untouched unidirectional corridor,ug-180-230,epistemic stratum,inside,3722,208.2001161724532,208.2001161724532,209.03584285194364,0.026773116512725938,23.592423428264375,55.13514239656099,0.5568004501413026,
untouched unidirectional corridor,ug-180-230,epistemic stratum,0--1 IQR,245,13.985129663963932,14.282302291878349,14.116888578080289,0.0419584685411099,30.70204081632653,65.78367346938775,0.2646452577213919,
untouched unidirectional corridor,ug-180-230,epistemic stratum,1--2 IQR,32,1.9612848371505003,1.8347506975271393,2.0077874325072522,0.05399971641718827,13.6875,31.0625,0.6508583684918872,
untouched unidirectional corridor,ug-180-230,epistemic stratum,>2 IQR,1,0.01425360157160367,0.00976286210197813,0.013009891030756377,0.061473776585353045,8.0,33.0,0.8706996868551232,
untouched unidirectional corridor,ug-180-230,run-level Spearman correlation,neighbour_count,4000,,,,,,,,0.28945341511552714
untouched unidirectional corridor,ug-180-230,run-level Spearman correlation,occupancy,4000,,,,,,,,0.31433324613326513
untouched unidirectional corridor,ug-180-230,run-level Spearman correlation,speed_mps,4000,,,,,,,,-0.35834942914683926
untouched unidirectional corridor,ug-180-230,run-level Spearman correlation,graph_minus_guard_squared_error,4000,,,,,,,,-0.02232038437795817
untouched bottleneck,uo-180-070,epistemic stratum,inside,3945,260.07486227646444,260.07486227646444,262.2746011545413,0.0274722433805321,26.267934093789606,59.70038022813688,0.4284078778810913,
untouched bottleneck,uo-180-070,epistemic stratum,0--1 IQR,55,3.6693724552327827,3.8204253941127613,3.7243285452380386,0.04056521018251648,16.836363636363636,42.2,0.5454332568121362,
untouched bottleneck,uo-180-070,run-level Spearman correlation,neighbour_count,4000,,,,,,,,-0.0682538483572298
untouched bottleneck,uo-180-070,run-level Spearman correlation,occupancy,4000,,,,,,,,-0.057064628064544265
untouched bottleneck,uo-180-070,run-level Spearman correlation,speed_mps,4000,,,,,,,,-0.049847145302946566
untouched bottleneck,uo-180-070,run-level Spearman correlation,graph_minus_guard_squared_error,4000,,,,,,,,-0.06219365890025112
untouched bottleneck,uo-180-095,epistemic stratum,inside,3943,253.43000648503823,253.43000648503823,256.0774115374388,0.025959322939325978,23.810043114379912,55.80852143038296,0.486120521163424,
untouched bottleneck,uo-180-095,epistemic stratum,0--1 IQR,52,4.913656616162588,5.107845883412761,5.0226492204765805,0.04207996288449513,17.153846153846153,39.25,0.43410435311912793,
untouched bottleneck,uo-180-095,epistemic stratum,1--2 IQR,5,0.20190183275196183,0.2720331037429967,0.21168162806425056,0.0513047207817804,8.0,14.6,0.48027575536750805,
untouched bottleneck,uo-180-095,run-level Spearman correlation,neighbour_count,4000,,,,,,,,0.09159013874581191
untouched bottleneck,uo-180-095,run-level Spearman correlation,occupancy,4000,,,,,,,,0.014708311664822896
untouched bottleneck,uo-180-095,run-level Spearman correlation,speed_mps,4000,,,,,,,,-0.21969317366832333
untouched bottleneck,uo-180-095,run-level Spearman correlation,graph_minus_guard_squared_error,4000,,,,,,,,-0.06834443947789415
untouched bottleneck,uo-180-120,epistemic stratum,inside,3910,242.69129896946794,242.69129896946794,244.95580656385107,0.02525767616980877,20.72608695652174,50.76419437340154,0.6810629971103515,
untouched bottleneck,uo-180-120,epistemic stratum,0--1 IQR,75,6.10700972372646,6.556914159593449,6.207345775768807,0.04372792278166504,11.386666666666667,30.666666666666668,0.6453989759504799,
untouched bottleneck,uo-180-120,epistemic stratum,1--2 IQR,15,1.3314953468884778,1.6698434399929245,1.380287400580588,0.05299610130459291,9.0,28.2,0.5360084206162851,
untouched bottleneck,uo-180-120,run-level Spearman correlation,neighbour_count,4000,,,,,,,,0.01702968280911141
untouched bottleneck,uo-180-120,run-level Spearman correlation,occupancy,4000,,,,,,,,-0.08533405641732658
untouched bottleneck,uo-180-120,run-level Spearman correlation,speed_mps,4000,,,,,,,,-0.13460302141268884
untouched bottleneck,uo-180-120,run-level Spearman correlation,graph_minus_guard_squared_error,4000,,,,,,,,-0.07988335377461007
untouched bottleneck,uo-180-180,epistemic stratum,inside,3949,201.82328855427636,201.82328855427636,202.50810988462734,0.025622552415705987,16.04861990377311,41.33527475310205,0.9461223534776587,
untouched bottleneck,uo-180-180,epistemic stratum,0--1 IQR,37,3.1584391482095144,3.3510471154923738,3.224476706789081,0.043275648352886324,7.702702702702703,20.54054054054054,0.954020763585997,
untouched bottleneck,uo-180-180,epistemic stratum,1--2 IQR,14,1.1836096591458636,1.335041009492213,1.1644683865203855,0.05315984070599489,7.0,19.928571428571427,0.8518748017291233,
untouched bottleneck,uo-180-180,run-level Spearman correlation,neighbour_count,4000,,,,,,,,-0.16887343771899974
untouched bottleneck,uo-180-180,run-level Spearman correlation,occupancy,4000,,,,,,,,-0.15431700857597638
untouched bottleneck,uo-180-180,run-level Spearman correlation,speed_mps,4000,,,,,,,,0.14833320383332524
untouched bottleneck,uo-180-180,run-level Spearman correlation,graph_minus_guard_squared_error,4000,,,,,,,,-0.034381539151433
