dataset,run,model,horizon_s,vector_rmse_mps,displacement_mae_m,speed_mae_mps,median_angle_deg,vector_r2,samples
familiar corridor,bi_corr_400_a_03,constant velocity,0.4,0.24217453303901043,0.08445521244335233,0.07944432388059236,27.766052748808992,0.7031151266642521,6000.0
familiar corridor,bi_corr_400_a_03,single graph network,0.4,0.15156485487087945,0.05127103491952853,0.07351784416831304,11.226622671851613,0.8837138092652146,6000.0
familiar corridor,bi_corr_400_a_03,five-member graph ensemble,0.4,0.14835839420306296,0.04997636691791452,0.07224882667076772,10.88142694824072,0.8885819954263469,6000.0
familiar corridor,bi_corr_400_a_03,coordinate-median graph ensemble,0.4,0.14877247463889398,0.050149513485129055,0.07226528435034034,10.941022242500534,0.8879591739022665,6000.0
familiar corridor,bi_corr_400_a_03,trimmed graph ensemble,0.4,0.1490729307658804,0.05026756087079836,0.07224705806822942,10.954255581898778,0.8875061687953721,6000.0
familiar corridor,bi_corr_400_a_03,anchored coarse HGB,0.4,0.15659148445053808,0.05275128281208903,0.0732773176604289,11.815192019977694,0.8758726709053655,6000.0
familiar corridor,bi_corr_400_a_03,prospective HGB,0.4,0.15508754088125518,0.05217136630365848,0.07324817495652382,11.443605054396723,0.8782455206940268,6000.0
familiar corridor,bi_corr_400_a_03,global disagreement guard,0.4,0.14811079351036474,0.04985891992501537,0.07219167272310308,10.939430058227012,0.8889535841678149,6000.0
familiar corridor,bi_corr_400_a_03,local geometry guard,0.4,0.14881289647956664,0.050052820095877984,0.07242601447756586,11.024313035172959,0.8878982821050655,6000.0
familiar corridor,bi_corr_400_a_03,local coarse-HGB guard,0.4,0.14880393419563157,0.05007830564546223,0.07238528552350994,10.84640752690152,0.8879117843914319,6000.0
familiar corridor,bi_corr_400_a_03,local CV guard,0.4,0.15678682777402606,0.052349080990410704,0.07341878315648102,11.731311894292215,0.875562787273092,6000.0
familiar corridor,bi_corr_400_a_03,graph-ensemble-dispersion guard,0.4,0.14815884455328446,0.04986860461050607,0.07232675483601937,10.961682466640294,0.8888815197149905,6000.0
familiar corridor,bi_corr_400_a_03,Mahalanobis OOD guard,0.4,0.14816313010792825,0.04985929942579029,0.0722763910827524,10.956989883380999,0.8888750913278384,6000.0
familiar corridor,bi_corr_400_a_03,learned mixture-of-experts gate,0.4,0.14891309327582558,0.05009810233587732,0.07233303112718278,10.956894676640244,0.8877472734945789,6000.0
familiar corridor,bi_corr_400_a_03,GEL-Ped reliability guard,0.4,0.14879378616241515,0.05005239543443151,0.07244954775246788,11.035932191727802,0.8879270721075119,6000.0
familiar corridor,bi_corr_400_a_03,GEL-Ped instability guard,0.4,0.14811978651275184,0.04988456839947335,0.07233756333482973,10.877129684918142,0.8889400987090342,6000.0
familiar corridor,bi_corr_400_b_02,constant velocity,0.4,0.20200101938875034,0.06818954265658131,0.06703854189258192,5.715251672938875,0.9738716533159921,3989.0
familiar corridor,bi_corr_400_b_02,single graph network,0.4,0.17275053581383543,0.05819424702426145,0.06464741897545613,4.6284753805820325,0.9808907512478626,3989.0
familiar corridor,bi_corr_400_b_02,five-member graph ensemble,0.4,0.1716716095376387,0.05763421904164352,0.06456911341900336,4.49975066278961,0.9811287023086777,3989.0
familiar corridor,bi_corr_400_b_02,coordinate-median graph ensemble,0.4,0.17173428032411475,0.05774436265370589,0.06461442271288045,4.515056133613698,0.9811149214051615,3989.0
familiar corridor,bi_corr_400_b_02,trimmed graph ensemble,0.4,0.1719902405182107,0.057825473280883034,0.06465096285579133,4.535950204750276,0.9810585851786737,3989.0
familiar corridor,bi_corr_400_b_02,anchored coarse HGB,0.4,0.1903762230341302,0.06339870458934484,0.06711274714227956,4.966412374661731,0.9767924005355875,3989.0
familiar corridor,bi_corr_400_b_02,prospective HGB,0.4,0.18184672358068152,0.06066370685824997,0.06638514932351582,4.71599274530806,0.9788253729990077,3989.0
familiar corridor,bi_corr_400_b_02,global disagreement guard,0.4,0.17171646367638035,0.05762539764778939,0.0647440418187602,4.456498580750805,0.9811188396833128,3989.0
familiar corridor,bi_corr_400_b_02,local geometry guard,0.4,0.17306313542424764,0.058053975150960474,0.06484389003544766,4.5232913817188924,0.9808215306416208,3989.0
familiar corridor,bi_corr_400_b_02,local coarse-HGB guard,0.4,0.17425107714946397,0.058359063854443206,0.06502707545720132,4.514613580688588,0.9805573369155502,3989.0
familiar corridor,bi_corr_400_b_02,local CV guard,0.4,0.17191798308130485,0.05771140353040073,0.06458785135550328,4.506547464338782,0.9810744973673927,3989.0
familiar corridor,bi_corr_400_b_02,graph-ensemble-dispersion guard,0.4,0.1718779158982859,0.057679592673417594,0.06461169024472704,4.456498580750805,0.9810833178898354,3989.0
familiar corridor,bi_corr_400_b_02,Mahalanobis OOD guard,0.4,0.17171258539432668,0.05761325340204663,0.06472177058427361,4.439185299349137,0.981119692550146,3989.0
familiar corridor,bi_corr_400_b_02,learned mixture-of-experts gate,0.4,0.17317692127785952,0.05800761836383622,0.06502823301743159,4.454667703066472,0.980796303363812,3989.0
familiar corridor,bi_corr_400_b_02,GEL-Ped reliability guard,0.4,0.1731106584147527,0.05808002634621451,0.06481732526447331,4.514690594973921,0.9808109964125683,3989.0
familiar corridor,bi_corr_400_b_02,GEL-Ped instability guard,0.4,0.17204584361472264,0.05776245948969549,0.06448205769706843,4.495558470701295,0.9810463359771019,3989.0
familiar corridor,bi_corr_400_b_04,constant velocity,0.4,0.24691608702471524,0.08549370003286452,0.08247253974370529,21.45462330034071,0.7991760351806156,6000.0
familiar corridor,bi_corr_400_b_04,single graph network,0.4,0.1750279348549831,0.058052394760708476,0.07900332470288612,10.303047128384565,0.899090628237497,6000.0
familiar corridor,bi_corr_400_b_04,five-member graph ensemble,0.4,0.17269941108397208,0.057082283556654616,0.07779282054366303,10.075091233904514,0.9017577097363912,6000.0
familiar corridor,bi_corr_400_b_04,coordinate-median graph ensemble,0.4,0.17304421267864778,0.057268758188551865,0.07786782690969035,10.151828379552065,0.9013650284451065,6000.0
familiar corridor,bi_corr_400_b_04,trimmed graph ensemble,0.4,0.17336236039362002,0.05743727637121401,0.0780727890369656,10.200555796764785,0.9010020074878123,6000.0
familiar corridor,bi_corr_400_b_04,anchored coarse HGB,0.4,0.18518130454222717,0.06161961792924138,0.07936655025371196,11.551272173356523,0.8870435477267099,6000.0
familiar corridor,bi_corr_400_b_04,prospective HGB,0.4,0.17854169597609137,0.05935449389292539,0.07845635941561005,10.842930300739695,0.8949983613139006,6000.0
familiar corridor,bi_corr_400_b_04,global disagreement guard,0.4,0.17174091446649614,0.056945020482917365,0.07758282946725872,10.13145239686696,0.9028451898923162,6000.0
familiar corridor,bi_corr_400_b_04,local geometry guard,0.4,0.17209019166205028,0.057085919522404695,0.07756409096628336,10.231853469787165,0.9024496118645428,6000.0
familiar corridor,bi_corr_400_b_04,local coarse-HGB guard,0.4,0.17352997233417763,0.05751737330324626,0.07782542722154356,10.192599885546361,0.9008104864791818,6000.0
familiar corridor,bi_corr_400_b_04,local CV guard,0.4,0.18048167770790902,0.05986102493129493,0.0782668483600337,10.941147970095646,0.892704130391128,6000.0
familiar corridor,bi_corr_400_b_04,graph-ensemble-dispersion guard,0.4,0.17147491930008918,0.05691818871403442,0.0775142694976051,10.154859960562542,0.9031459067850145,6000.0
familiar corridor,bi_corr_400_b_04,Mahalanobis OOD guard,0.4,0.17155999284741455,0.05691445322445429,0.07735525842629791,10.152715372429377,0.9030497788463566,6000.0
familiar corridor,bi_corr_400_b_04,learned mixture-of-experts gate,0.4,0.17249484635094958,0.05722105305576314,0.07764674372019474,10.196186850805598,0.901990310475755,6000.0
familiar corridor,bi_corr_400_b_04,GEL-Ped reliability guard,0.4,0.1720978885552774,0.05709174468642947,0.07754509630848974,10.23962579961202,0.902440885606464,6000.0
familiar corridor,bi_corr_400_b_04,GEL-Ped instability guard,0.4,0.1717264755805542,0.05699673368629049,0.07759879703075678,10.089330397719888,0.9028615255250528,6000.0
familiar corridor,bi_corr_400_b_06,constant velocity,0.4,0.24043969425897518,0.0828475246207808,0.08300338558588707,28.750992740098447,0.6498621674432152,6000.0
familiar corridor,bi_corr_400_b_06,single graph network,0.4,0.16856667226960556,0.05620040095018563,0.07824995792543162,12.981070894118702,0.8279042554294151,6000.0
familiar corridor,bi_corr_400_b_06,five-member graph ensemble,0.4,0.16547233457539373,0.05513018553283431,0.07599042504784487,13.050596180010062,0.8341645042704404,6000.0
familiar corridor,bi_corr_400_b_06,coordinate-median graph ensemble,0.4,0.1659595135429206,0.05534627238367673,0.07595140527665552,13.034588444802315,0.8331865704313164,6000.0
familiar corridor,bi_corr_400_b_06,trimmed graph ensemble,0.4,0.16653526359495768,0.05556749446021014,0.07609554524798753,13.106341553764132,0.8320271378014005,6000.0
familiar corridor,bi_corr_400_b_06,anchored coarse HGB,0.4,0.17519381430875833,0.05846751788612982,0.07702772562278255,14.977064570175559,0.8141064842233978,6000.0
familiar corridor,bi_corr_400_b_06,prospective HGB,0.4,0.171805654173446,0.057453256519601405,0.07638479635045686,14.001656847090253,0.8212271309978969,6000.0
familiar corridor,bi_corr_400_b_06,global disagreement guard,0.4,0.16514072363533738,0.05498700113073173,0.07564020729689865,12.943067025225496,0.8348285157040871,6000.0
familiar corridor,bi_corr_400_b_06,local geometry guard,0.4,0.16559664131195953,0.05516111149656681,0.07566707357727398,12.970413604904342,0.8339152515796797,6000.0
familiar corridor,bi_corr_400_b_06,local coarse-HGB guard,0.4,0.16626554882697575,0.05535599986971023,0.0760420044627308,13.118185507098493,0.832570783316032,6000.0
familiar corridor,bi_corr_400_b_06,local CV guard,0.4,0.17094087847787667,0.05687643643089078,0.07678796565652582,13.754173147140547,0.8230222913598364,6000.0
familiar corridor,bi_corr_400_b_06,graph-ensemble-dispersion guard,0.4,0.16523754382376407,0.05502641988905543,0.07560426741117234,12.953672905381971,0.8346347824827761,6000.0
familiar corridor,bi_corr_400_b_06,Mahalanobis OOD guard,0.4,0.1651852054379793,0.05497453315251765,0.07551436069450977,12.931507800401842,0.8347395235438927,6000.0
familiar corridor,bi_corr_400_b_06,learned mixture-of-experts gate,0.4,0.1655926429033115,0.055172381122664316,0.07545113110378163,13.06747867977734,0.8339232718712983,6000.0
familiar corridor,bi_corr_400_b_06,GEL-Ped reliability guard,0.4,0.16577633245809784,0.05521460263087394,0.07568866082020044,13.014791350980456,0.8335546144241912,6000.0
familiar corridor,bi_corr_400_b_06,GEL-Ped instability guard,0.4,0.16574457778623952,0.055145722545748954,0.07600738161657121,13.06865337997767,0.8336183739766982,6000.0
familiar corridor,bi_corr_400_b_10,constant velocity,0.4,0.2413845605907725,0.08367923363463499,0.07314882161574661,24.79935929954083,0.7315965912339923,6000.0
familiar corridor,bi_corr_400_b_10,single graph network,0.4,0.14392539484556433,0.04867556560699571,0.06750460409535038,9.911681251158546,0.9045790118708988,6000.0
familiar corridor,bi_corr_400_b_10,five-member graph ensemble,0.4,0.14000030383684164,0.047113343803804955,0.06603153985923577,9.624018253311885,0.9097126291079733,6000.0
familiar corridor,bi_corr_400_b_10,coordinate-median graph ensemble,0.4,0.1406584073491652,0.04737090850974576,0.06605301672281395,9.712677389002586,0.9088618010846369,6000.0
familiar corridor,bi_corr_400_b_10,trimmed graph ensemble,0.4,0.14111113650952803,0.04755768836243492,0.06606372710822418,9.70541735852921,0.9082741743208858,6000.0
familiar corridor,bi_corr_400_b_10,anchored coarse HGB,0.4,0.1477178425314791,0.049633731487352284,0.06776914121622464,10.226474480423825,0.8994840544418833,6000.0
familiar corridor,bi_corr_400_b_10,prospective HGB,0.4,0.14542216499664823,0.048876262358279264,0.06736013894865939,9.963065608166009,0.9025840068713571,6000.0
familiar corridor,bi_corr_400_b_10,global disagreement guard,0.4,0.13952644920964982,0.04693520166817703,0.06595872253615763,9.60430161762516,0.9103227804293113,6000.0
familiar corridor,bi_corr_400_b_10,local geometry guard,0.4,0.13972430615017797,0.04699142373031638,0.06614565487681799,9.595857235803592,0.9100682646596084,6000.0
familiar corridor,bi_corr_400_b_10,local coarse-HGB guard,0.4,0.14004713388740078,0.04710373623685731,0.06617523133080956,9.664060886885443,0.9096522168204686,6000.0
familiar corridor,bi_corr_400_b_10,local CV guard,0.4,0.1532621185835809,0.05079241350647651,0.06759003316446624,10.400736583480828,0.8917971500747679,6000.0
familiar corridor,bi_corr_400_b_10,graph-ensemble-dispersion guard,0.4,0.13959839209636582,0.04692229300369749,0.06600897137648826,9.520433472932192,0.9102302775183876,6000.0
familiar corridor,bi_corr_400_b_10,Mahalanobis OOD guard,0.4,0.13932888427786186,0.046865618158170405,0.06600373597171026,9.515819324748563,0.9105765607049001,6000.0
familiar corridor,bi_corr_400_b_10,learned mixture-of-experts gate,0.4,0.1399783320725624,0.04704998173279374,0.0661142707648355,9.524487671425657,0.909740966434519,6000.0
familiar corridor,bi_corr_400_b_10,GEL-Ped reliability guard,0.4,0.1397276638373795,0.04698654236997209,0.06613290155389476,9.551055931330625,0.910063942344139,6000.0
familiar corridor,bi_corr_400_b_10,GEL-Ped instability guard,0.4,0.14004348127430447,0.047115852872354536,0.06616296261647817,9.611954661422201,0.9096569295365866,6000.0
altered geometry,bi_corr_400_a_04,constant velocity,0.4,0.23224655835413516,0.08015688038305871,0.07711836731669927,31.297778709325655,0.6166025777487971,6000.0
altered geometry,bi_corr_400_a_04,single graph network,0.4,0.15666531571713774,0.0521820613670925,0.07266661135639288,12.914109610235169,0.8255398139766514,6000.0
altered geometry,bi_corr_400_a_04,five-member graph ensemble,0.4,0.153820301756385,0.0508945791069126,0.07105101303070413,12.551874488033288,0.8318186118700043,6000.0
altered geometry,bi_corr_400_a_04,coordinate-median graph ensemble,0.4,0.15431000318857122,0.051095713954211676,0.07119990300447693,12.564200868311218,0.8307460646966826,6000.0
altered geometry,bi_corr_400_a_04,trimmed graph ensemble,0.4,0.1546539352445885,0.05124578430959301,0.0711822405991444,12.546668543331299,0.8299907445598081,6000.0
altered geometry,bi_corr_400_a_04,anchored coarse HGB,0.4,0.1623984115649909,0.05378863657048236,0.07126668472375157,14.104834473817276,0.8125376017178635,6000.0
altered geometry,bi_corr_400_a_04,prospective HGB,0.4,0.1605372493415488,0.05320577530172595,0.07127785052085116,13.73621051825496,0.8168097945724083,6000.0
altered geometry,bi_corr_400_a_04,global disagreement guard,0.4,0.1536373615000249,0.05078655298374927,0.07071764686452771,12.576845200313976,0.8322184141073905,6000.0
altered geometry,bi_corr_400_a_04,local geometry guard,0.4,0.1541717993476182,0.050961680305636525,0.0708897536475501,12.651169424293201,0.8310491049202667,6000.0
altered geometry,bi_corr_400_a_04,local coarse-HGB guard,0.4,0.1543479002739757,0.05103358567355024,0.07095453304598916,12.54821591194539,0.830662920139025,6000.0
altered geometry,bi_corr_400_a_04,local CV guard,0.4,0.15883668092750589,0.05235907882668324,0.07186887439956971,13.441201080642845,0.8206703001645939,6000.0
altered geometry,bi_corr_400_a_04,graph-ensemble-dispersion guard,0.4,0.15370579739899617,0.050820616410890466,0.07079931193372005,12.574627934618224,0.8320689082727258,6000.0
altered geometry,bi_corr_400_a_04,Mahalanobis OOD guard,0.4,0.15347984329972522,0.0507553736920557,0.07078889121295431,12.550673354435357,0.8325622771505752,6000.0
altered geometry,bi_corr_400_a_04,learned mixture-of-experts gate,0.4,0.15429194042178315,0.05101847174828547,0.07060963018621497,12.755595326317039,0.8307856864369215,6000.0
altered geometry,bi_corr_400_a_04,GEL-Ped reliability guard,0.4,0.15425283538957252,0.0509732574669362,0.07088782233884172,12.636789480572538,0.8308714497323202,6000.0
altered geometry,bi_corr_400_a_04,GEL-Ped instability guard,0.4,0.15381333912327483,0.05091537407978456,0.07110267230932499,12.5663876271752,0.8318338368927871,6000.0
altered geometry,bi_corr_400_a_05,constant velocity,0.4,0.23276356402620538,0.08059935718996895,0.0737396714992956,30.50074392759699,0.5835486638110252,6000.0
altered geometry,bi_corr_400_a_05,single graph network,0.4,0.15131167982267954,0.05146087717251096,0.07111940327985602,12.993095556858956,0.8240135752362961,6000.0
altered geometry,bi_corr_400_a_05,five-member graph ensemble,0.4,0.14793885481516222,0.05009405517846421,0.06922114613427957,12.862102155340368,0.8317718116097768,6000.0
altered geometry,bi_corr_400_a_05,coordinate-median graph ensemble,0.4,0.14857743522616898,0.05033837684744668,0.06918353208717522,12.915708263498535,0.8303163578484153,6000.0
altered geometry,bi_corr_400_a_05,trimmed graph ensemble,0.4,0.14891443919194655,0.05050429301566947,0.06924757199239936,12.973412904748535,0.8295457305615861,6000.0
altered geometry,bi_corr_400_a_05,anchored coarse HGB,0.4,0.15569819448576672,0.0527235113436341,0.07011964271540802,13.923331162488832,0.8136620059735233,6000.0
altered geometry,bi_corr_400_a_05,prospective HGB,0.4,0.15453795409618273,0.0524376070236587,0.06994100647995448,13.887803929030516,0.8164287860717685,6000.0
altered geometry,bi_corr_400_a_05,global disagreement guard,0.4,0.14771484208521996,0.050016213499426636,0.06908740556309262,12.93201790758415,0.8322808965800662,6000.0
altered geometry,bi_corr_400_a_05,local geometry guard,0.4,0.14850983787732655,0.05023721651735694,0.06932218826820212,13.02310377239475,0.8304707225415379,6000.0
altered geometry,bi_corr_400_a_05,local coarse-HGB guard,0.4,0.14844642463247332,0.0502111813214988,0.06925075868628468,12.862700891237049,0.8306154685939295,6000.0
altered geometry,bi_corr_400_a_05,local CV guard,0.4,0.15600357459021147,0.052305533520273534,0.07026641276723733,13.71741506189114,0.8129303376227252,6000.0
altered geometry,bi_corr_400_a_05,graph-ensemble-dispersion guard,0.4,0.1477456657036563,0.050028233876543066,0.06921430157614764,12.927321083232918,0.8322108934719654,6000.0
altered geometry,bi_corr_400_a_05,Mahalanobis OOD guard,0.4,0.14747871662619222,0.04997135055219334,0.06914661139759495,12.888674682784174,0.8328166734429159,6000.0
altered geometry,bi_corr_400_a_05,learned mixture-of-experts gate,0.4,0.14830395981151295,0.05025645083533086,0.06910488238486537,12.812532325152553,0.8309404310511113,6000.0
altered geometry,bi_corr_400_a_05,GEL-Ped reliability guard,0.4,0.1485216283367976,0.05025205286828036,0.06936841015720015,13.005604830552462,0.830443803012854,6000.0
altered geometry,bi_corr_400_a_05,GEL-Ped instability guard,0.4,0.1479628684208356,0.050090773056038235,0.06936151378503436,12.845869851162092,0.8317171931898372,6000.0
altered geometry,bi_corr_400_b_08,constant velocity,0.4,0.22545157593818366,0.07631024604162079,0.07685683148791325,33.84217644323421,0.5434028619208883,6000.0
altered geometry,bi_corr_400_b_08,single graph network,0.4,0.16003684490050665,0.053743574611913696,0.07339329862715699,14.595868351285432,0.7699265019028304,6000.0
altered geometry,bi_corr_400_b_08,five-member graph ensemble,0.4,0.15721438977339364,0.05266909625041649,0.07029983132269288,14.447759611575993,0.7779702229516645,6000.0
altered geometry,bi_corr_400_b_08,coordinate-median graph ensemble,0.4,0.15795421798257525,0.05297619459533011,0.07046792454302248,14.55062894944851,0.7758756259666051,6000.0
altered geometry,bi_corr_400_b_08,trimmed graph ensemble,0.4,0.1586246315553223,0.05323777017174084,0.07077987429730277,14.740456484232396,0.7739690622279178,6000.0
altered geometry,bi_corr_400_b_08,anchored coarse HGB,0.4,0.16509850049434596,0.0552537800535474,0.0715780579731947,16.119846015689795,0.7551427927534662,6000.0
altered geometry,bi_corr_400_b_08,prospective HGB,0.4,0.16237906875764047,0.05443158991062868,0.07139903676492601,15.45868913381721,0.7631427258296294,6000.0
altered geometry,bi_corr_400_b_08,global disagreement guard,0.4,0.156245869243508,0.05226573963860374,0.0699414815128002,14.482967109534867,0.780697429011693,6000.0
altered geometry,bi_corr_400_b_08,local geometry guard,0.4,0.1566179187116059,0.05234990623993159,0.07000792660004873,14.579315502773404,0.7796517879694503,6000.0
altered geometry,bi_corr_400_b_08,local coarse-HGB guard,0.4,0.15776820331824484,0.05272757159338302,0.07019138205486099,14.755905669588252,0.7764031949342525,6000.0
altered geometry,bi_corr_400_b_08,local CV guard,0.4,0.16321939167983598,0.054358021293194426,0.07111197412903295,15.664898532853519,0.7606848768915291,6000.0
altered geometry,bi_corr_400_b_08,graph-ensemble-dispersion guard,0.4,0.1563850209844676,0.05224478442442291,0.06987318120945704,14.47045249663969,0.7803066356609254,6000.0
altered geometry,bi_corr_400_b_08,Mahalanobis OOD guard,0.4,0.15629602560295802,0.05220661459761386,0.06989433403729904,14.507643752388853,0.7805566101332259,6000.0
altered geometry,bi_corr_400_b_08,learned mixture-of-experts gate,0.4,0.1564480126523763,0.052292860879262326,0.06987204983812176,14.4745652698841,0.7801296156561185,6000.0
altered geometry,bi_corr_400_b_08,GEL-Ped reliability guard,0.4,0.15683468539004966,0.05238265131129958,0.0699886521466811,14.648810281708968,0.779041420977623,6000.0
altered geometry,bi_corr_400_b_08,GEL-Ped instability guard,0.4,0.1574239423530516,0.05264030971705456,0.07017836639774855,14.469466770657322,0.7773779372112284,6000.0
crossing topology,crossing_90_d_1,constant velocity,0.4,0.35042460442357165,0.1201783902921184,0.17081239972446235,8.485829636513955,0.899850529262145,6000.0
crossing topology,crossing_90_d_1,single graph network,0.4,0.3583826043632344,0.11975093549942464,0.1831021989601182,8.772096943066314,0.8952501722948322,6000.0
crossing topology,crossing_90_d_1,five-member graph ensemble,0.4,0.36582418285969387,0.11896472545996423,0.185524014681668,8.457148243476674,0.890854886364303,6000.0
crossing topology,crossing_90_d_1,coordinate-median graph ensemble,0.4,0.34700835034536237,0.11780039676515114,0.1821849372496131,8.50624429682289,0.9017937051048284,6000.0
crossing topology,crossing_90_d_1,trimmed graph ensemble,0.4,0.3458358107417433,0.11782541707692006,0.1815857808939774,8.55474022836068,0.902456261052063,6000.0
crossing topology,crossing_90_d_1,anchored coarse HGB,0.4,0.33176303645079047,0.11329224832912266,0.17891352843456448,7.838471802038538,0.910233256695044,6000.0
crossing topology,crossing_90_d_1,prospective HGB,0.4,0.3339202705646439,0.11404183931574319,0.1791155104247971,7.83269101465716,0.9090620746089516,6000.0
crossing topology,crossing_90_d_1,global disagreement guard,0.4,0.3349439021869027,0.11449674584169774,0.18045567196069714,8.114930825170015,0.9085036801466944,6000.0
crossing topology,crossing_90_d_1,local geometry guard,0.4,0.3334511314839747,0.11406004675890845,0.18077889215297568,8.00222732167818,0.9093174203860769,6000.0
crossing topology,crossing_90_d_1,local coarse-HGB guard,0.4,0.33210838595219133,0.11361630949695699,0.18117196906773236,7.930073722170346,0.910046273626623,6000.0
crossing topology,crossing_90_d_1,local CV guard,0.4,0.341444147746952,0.11693272832271695,0.18124438028976286,8.433197605837623,0.904917887565028,6000.0
crossing topology,crossing_90_d_1,graph-ensemble-dispersion guard,0.4,0.33476659573804396,0.11440571589862934,0.1808870616506105,8.12655042934027,0.9086005237886526,6000.0
crossing topology,crossing_90_d_1,Mahalanobis OOD guard,0.4,0.3486219325172226,0.11622628543921397,0.1833698119470504,8.242470884005852,0.9008782668823271,6000.0
crossing topology,crossing_90_d_1,learned mixture-of-experts gate,0.4,0.3427177509592941,0.1155276415669698,0.18227870944853636,8.1934376326559,0.904207242891481,6000.0
crossing topology,crossing_90_d_1,GEL-Ped reliability guard,0.4,0.33322158909574556,0.11392579772660792,0.18057224995482493,7.966182652382278,0.9094422262685863,6000.0
crossing topology,crossing_90_d_1,GEL-Ped instability guard,0.4,0.3355193071208264,0.1146387862595723,0.18138592075844004,8.122501562417245,0.9081890444394829,6000.0
crossing topology,crossing_90_d_2,constant velocity,0.4,0.38480102542309663,0.1270433962181346,0.1933392119152593,6.482706946907442,0.906862854850923,6000.0
crossing topology,crossing_90_d_2,single graph network,0.4,0.3871630945739154,0.12686825251339914,0.1916228478732279,7.151029521637348,0.9057159161604184,6000.0
crossing topology,crossing_90_d_2,five-member graph ensemble,0.4,0.3818201422759233,0.1248400752316702,0.19114407232145808,6.990028102091623,0.90830025021153,6000.0
crossing topology,crossing_90_d_2,coordinate-median graph ensemble,0.4,0.38283148021394836,0.12517200823154692,0.1911052567919116,7.01627529281447,0.9078138313646149,6000.0
crossing topology,crossing_90_d_2,trimmed graph ensemble,0.4,0.3829209455249243,0.12521467915330184,0.19079965082092204,6.992533768903373,0.9077707396735643,6000.0
crossing topology,crossing_90_d_2,anchored coarse HGB,0.4,0.3686186251001249,0.12055766564352668,0.1921253575529948,6.481353298430273,0.914531706987436,6000.0
crossing topology,crossing_90_d_2,prospective HGB,0.4,0.3725200417024637,0.12204697774335208,0.1918834531375056,6.692332828828539,0.9127129600287915,6000.0
crossing topology,crossing_90_d_2,global disagreement guard,0.4,0.37291792157639664,0.12188179111073338,0.19130438860397037,6.682761172322974,0.9125264019938576,6000.0
crossing topology,crossing_90_d_2,local geometry guard,0.4,0.3721217295526407,0.12165048734909681,0.1919545740552509,6.656383161023164,0.9128995212728208,6000.0
crossing topology,crossing_90_d_2,local coarse-HGB guard,0.4,0.3681267357037837,0.12025327253400855,0.1919990173104133,6.475388329367378,0.914759654758967,6000.0
crossing topology,crossing_90_d_2,local CV guard,0.4,0.3788318822386479,0.12397559275779842,0.1909649317671189,6.95506147757765,0.9097299830518049,6000.0
crossing topology,crossing_90_d_2,graph-ensemble-dispersion guard,0.4,0.3725065284270261,0.12176915364668324,0.1915140214507389,6.674680817755999,0.9127192926406633,6000.0
crossing topology,crossing_90_d_2,Mahalanobis OOD guard,0.4,0.3759859810909912,0.1229094299761308,0.19171935721709238,6.767821428048725,0.9110811607260851,6000.0
crossing topology,crossing_90_d_2,learned mixture-of-experts gate,0.4,0.37399851558322644,0.1223532388805503,0.19126061180784767,6.770242358543086,0.9120187278420983,6000.0
crossing topology,crossing_90_d_2,GEL-Ped reliability guard,0.4,0.37131095236614814,0.12145241779762661,0.19180398618915714,6.642087042672321,0.913278656073134,6000.0
crossing topology,crossing_90_d_2,GEL-Ped instability guard,0.4,0.3715411162565526,0.12142650631770545,0.19164950219095386,6.669464208885372,0.9131711111267997,6000.0
crossing topology,crossing_90_d_3,constant velocity,0.4,0.35401429945519153,0.11784448283852589,0.1810392438104971,5.2982023926532555,0.9209381011080602,6000.0
crossing topology,crossing_90_d_3,single graph network,0.4,0.37306235603051596,0.12441617579496776,0.18054740068263267,6.152955757668478,0.9122012184081004,6000.0
crossing topology,crossing_90_d_3,five-member graph ensemble,0.4,0.37023931670035787,0.12296897165544314,0.18007968590868131,5.99186679887208,0.9135249735824521,6000.0
crossing topology,crossing_90_d_3,coordinate-median graph ensemble,0.4,0.37062575018884275,0.12316604347193238,0.1800014074246066,6.036143982351546,0.913344364533859,6000.0
crossing topology,crossing_90_d_3,trimmed graph ensemble,0.4,0.3706048602414326,0.12317315464938479,0.17960112220863853,6.018977558247737,0.9133541327739276,6000.0
crossing topology,crossing_90_d_3,anchored coarse HGB,0.4,0.35092365056326474,0.11667073755375726,0.17984711552538116,5.33010423726783,0.922312542398694,6000.0
crossing topology,crossing_90_d_3,prospective HGB,0.4,0.3572235068054312,0.11883121197328993,0.17989154888482994,5.512965104881769,0.9194981815063513,6000.0
crossing topology,crossing_90_d_3,global disagreement guard,0.4,0.3601016157411343,0.11959386881034151,0.17968448323947792,5.597767679299212,0.9181957679712506,6000.0
crossing topology,crossing_90_d_3,local geometry guard,0.4,0.35824492835434985,0.11898168604596944,0.1801832423080748,5.590857387448116,0.9190371600628531,6000.0
crossing topology,crossing_90_d_3,local coarse-HGB guard,0.4,0.3531664557864264,0.11742406579103047,0.1800971032639009,5.413760497498767,0.9213163449331893,6000.0
crossing topology,crossing_90_d_3,local CV guard,0.4,0.3664760113695214,0.1219354726844008,0.18012454238581108,5.929779508457494,0.9152739936538212,6000.0
crossing topology,crossing_90_d_3,graph-ensemble-dispersion guard,0.4,0.3600673890358239,0.1196564607571467,0.1796063986136332,5.677741232788376,0.9182113177836334,6000.0
crossing topology,crossing_90_d_3,Mahalanobis OOD guard,0.4,0.36400590287319273,0.12083246876421423,0.17994997515598402,5.782040997037418,0.9164122789587179,6000.0
crossing topology,crossing_90_d_3,learned mixture-of-experts gate,0.4,0.3607463650045031,0.11978067414388412,0.17968068017222852,5.653578254439951,0.9179025705321334,6000.0
crossing topology,crossing_90_d_3,GEL-Ped reliability guard,0.4,0.35765709997285927,0.1187978285799338,0.17975846177943247,5.548922012878124,0.9193026388198483,6000.0
crossing topology,crossing_90_d_3,GEL-Ped instability guard,0.4,0.35960479864154055,0.11956735828181067,0.1797361948464091,5.665329589707796,0.9184213359979548,6000.0
crossing topology,crossing_90_d_5,constant velocity,0.4,0.39837943465788156,0.12468006173303675,0.1826983999331271,8.423308482751384,0.8501745360086017,6000.0
crossing topology,crossing_90_d_5,single graph network,0.4,0.38517947990450335,0.1211671911187478,0.18396962665276592,8.626910300184228,0.8599387189532376,6000.0
crossing topology,crossing_90_d_5,five-member graph ensemble,0.4,0.3812062353158743,0.12015281737248518,0.18460718310116167,8.479007972567558,0.8628133658824093,6000.0
crossing topology,crossing_90_d_5,coordinate-median graph ensemble,0.4,0.3815563602910829,0.1202983617405013,0.18473100725504613,8.430103305172398,0.8625612476298106,6000.0
crossing topology,crossing_90_d_5,trimmed graph ensemble,0.4,0.38144520557127237,0.12030438314796515,0.18443475097017756,8.448614281814507,0.8626413130794437,6000.0
crossing topology,crossing_90_d_5,anchored coarse HGB,0.4,0.3827765209414444,0.11887321449188795,0.18357597341768148,8.102405601234569,0.8616808246538314,6000.0
crossing topology,crossing_90_d_5,prospective HGB,0.4,0.38460012257810205,0.11985560446823569,0.18429478712567898,8.283983459787871,0.8603597408774064,6000.0
crossing topology,crossing_90_d_5,global disagreement guard,0.4,0.3832533025228028,0.11936416917471565,0.18483220642343737,8.331087602906958,0.8613360328311268,6000.0
crossing topology,crossing_90_d_5,local geometry guard,0.4,0.38296220318107044,0.11923757118063011,0.18488970613330136,8.303653716097859,0.8615465967569818,6000.0
crossing topology,crossing_90_d_5,local coarse-HGB guard,0.4,0.38244407344936127,0.11879695943359479,0.1850699409252474,8.23601562704479,0.8619209851212493,6000.0
crossing topology,crossing_90_d_5,local CV guard,0.4,0.386711135902533,0.12032830487542566,0.18517795622911223,8.506263625919452,0.8588226043089986,6000.0
crossing topology,crossing_90_d_5,graph-ensemble-dispersion guard,0.4,0.38344046534751963,0.11936130718371302,0.18492712561449,8.313101117898142,0.8612005658871631,6000.0
crossing topology,crossing_90_d_5,Mahalanobis OOD guard,0.4,0.38493687127472664,0.11963464145530385,0.18485021208266475,8.361163525149033,0.8601151010085102,6000.0
crossing topology,crossing_90_d_5,learned mixture-of-experts gate,0.4,0.37898631477424,0.1189897523768601,0.18424188311006703,8.271986308446834,0.8644065018714306,6000.0
crossing topology,crossing_90_d_5,GEL-Ped reliability guard,0.4,0.3830540287844932,0.11923515390594806,0.18487162994871445,8.273153036282377,0.8614801928591304,6000.0
crossing topology,crossing_90_d_5,GEL-Ped instability guard,0.4,0.3847892030632302,0.11972562085785934,0.18509296452234578,8.340334503242577,0.8602224047889027,6000.0
crossing topology,crossing_90_d_6,constant velocity,0.4,0.3811865309191376,0.1264756299760105,0.16364003399824859,12.91163220524785,0.8182138733033717,6000.0
crossing topology,crossing_90_d_6,single graph network,0.4,0.3447719981292997,0.1131424942964927,0.17338855160382488,11.135376873163837,0.8512867671730054,6000.0
crossing topology,crossing_90_d_6,five-member graph ensemble,0.4,0.34339236321765904,0.11198053709362242,0.17294059361786443,10.91239095492267,0.8524745635501687,6000.0
crossing topology,crossing_90_d_6,coordinate-median graph ensemble,0.4,0.34422007386570613,0.11208382367579549,0.1729372780623466,10.996752328944199,0.8517625177838323,6000.0
crossing topology,crossing_90_d_6,trimmed graph ensemble,0.4,0.34451675709391316,0.11216198395787963,0.17271095917210383,10.949895749096022,0.8515068759366535,6000.0
crossing topology,crossing_90_d_6,anchored coarse HGB,0.4,0.3416571809387287,0.11113048674794464,0.1711933068716446,10.873029816512364,0.8539617065404925,6000.0
crossing topology,crossing_90_d_6,prospective HGB,0.4,0.3419800508990299,0.11167572465540038,0.17165913907404076,10.934220386915058,0.853685560392011,6000.0
crossing topology,crossing_90_d_6,global disagreement guard,0.4,0.34111882618454087,0.11131611528600452,0.17272253361821682,10.852042253153853,0.8544215737537917,6000.0
crossing topology,crossing_90_d_6,local geometry guard,0.4,0.3406627495989187,0.1111129268172838,0.1727625718566272,10.734311106844045,0.8548105908435653,6000.0
crossing topology,crossing_90_d_6,local coarse-HGB guard,0.4,0.3413885752559977,0.11105619162424683,0.17300366082185054,10.687739465714483,0.854191242449488,6000.0
crossing topology,crossing_90_d_6,local CV guard,0.4,0.3532581758421014,0.11532018013703804,0.17268942983226,11.332827504511922,0.8438758499612135,6000.0
crossing topology,crossing_90_d_6,graph-ensemble-dispersion guard,0.4,0.34134428546608736,0.11133966324363156,0.17296685537778292,10.83332319025,0.854229072774259,6000.0
crossing topology,crossing_90_d_6,Mahalanobis OOD guard,0.4,0.3415509831871347,0.11137537252815416,0.17282850599340713,10.869113091680392,0.8540524789810865,6000.0
crossing topology,crossing_90_d_6,learned mixture-of-experts gate,0.4,0.34015009869471874,0.11107162666504439,0.17235116679079449,10.853743606776327,0.8552472425019304,6000.0
crossing topology,crossing_90_d_6,GEL-Ped reliability guard,0.4,0.34058896013837114,0.11115329882967002,0.1728869934559721,10.77405734124998,0.8548734817108234,6000.0
crossing topology,crossing_90_d_6,GEL-Ped instability guard,0.4,0.3428760412188353,0.11178759881387684,0.17324420669924545,10.853328296499251,0.8529178661486282,6000.0
crossing topology,crossing_90_d_7,constant velocity,0.4,0.381392660808713,0.12693077144967016,0.1591559400793089,16.77679764785325,0.781637341442189,6000.0
crossing topology,crossing_90_d_7,single graph network,0.4,0.333158903031599,0.10898382301067187,0.16938694639548668,12.849877711534429,0.8333763833292861,6000.0
crossing topology,crossing_90_d_7,five-member graph ensemble,0.4,0.3305513767895661,0.10767372418506123,0.16856483823000568,12.421234750144038,0.8359743940690897,6000.0
crossing topology,crossing_90_d_7,coordinate-median graph ensemble,0.4,0.33014235336204883,0.10767905432719123,0.16837117159159634,12.490598079624101,0.8363800726507208,6000.0
crossing topology,crossing_90_d_7,trimmed graph ensemble,0.4,0.33046302635504815,0.10772834466275415,0.16827099438743393,12.49880268922195,0.8360620645365795,6000.0
crossing topology,crossing_90_d_7,anchored coarse HGB,0.4,0.3332569427394342,0.10787014964630758,0.1675482883625609,12.651470903074982,0.833278303199166,6000.0
crossing topology,crossing_90_d_7,prospective HGB,0.4,0.33396116571325163,0.10831023343667408,0.16826095300030566,12.703362422283753,0.8325729417443085,6000.0
crossing topology,crossing_90_d_7,global disagreement guard,0.4,0.33087906410516754,0.10740126254958991,0.16889358209720096,12.47000224617981,0.8356490240602248,6000.0
crossing topology,crossing_90_d_7,local geometry guard,0.4,0.33102641569657076,0.10725605487314582,0.16880743854699587,12.328630305698983,0.8355026094157932,6000.0
crossing topology,crossing_90_d_7,local coarse-HGB guard,0.4,0.330897698996924,0.10715926787002801,0.16875752598713784,12.275909640171168,0.8356305112607005,6000.0
crossing topology,crossing_90_d_7,local CV guard,0.4,0.34282659380146213,0.11144977721363036,0.16816477355758838,13.142709458366888,0.8235658224089605,6000.0
crossing topology,crossing_90_d_7,graph-ensemble-dispersion guard,0.4,0.33044349164770104,0.1071839331208095,0.16897457096477742,12.359174259495653,0.8360814457361853,6000.0
crossing topology,crossing_90_d_7,Mahalanobis OOD guard,0.4,0.3309514430824041,0.10725921604676827,0.16884521472922726,12.4591788383292,0.8355771134566319,6000.0
crossing topology,crossing_90_d_7,learned mixture-of-experts gate,0.4,0.3298565940690513,0.10721536566488139,0.16860147596791208,12.527262713219697,0.8366631970615601,6000.0
crossing topology,crossing_90_d_7,GEL-Ped reliability guard,0.4,0.33109088324893365,0.10726940188343524,0.1689532930142131,12.328978342123726,0.8354385312862083,6000.0
crossing topology,crossing_90_d_7,GEL-Ped instability guard,0.4,0.3310093451055887,0.10738372685375766,0.16895103767084738,12.32835450718744,0.8355195748006385,6000.0
crossing topology,crossing_90_d_8,constant velocity,0.4,0.47842374735296117,0.12942104699823323,0.16772084072465068,19.32797479666166,0.6772007644006475,6000.0
crossing topology,crossing_90_d_8,single graph network,0.4,0.44638088332567843,0.11072403678195897,0.17964813846388045,13.47072777817044,0.7189923032750954,6000.0
crossing topology,crossing_90_d_8,five-member graph ensemble,0.4,0.4430974316774989,0.109111271296504,0.17796095962898806,13.11631940345396,0.7231111253408571,6000.0
crossing topology,crossing_90_d_8,coordinate-median graph ensemble,0.4,0.4432281222698868,0.10925963717319465,0.17790228285766596,13.04028548599734,0.722947765749621,6000.0
crossing topology,crossing_90_d_8,trimmed graph ensemble,0.4,0.44318903289391304,0.10930788365871424,0.1776942696752008,13.100998839602315,0.7229966314278198,6000.0
crossing topology,crossing_90_d_8,anchored coarse HGB,0.4,0.44036532795542443,0.10959246739612033,0.17752661348541252,13.54344856957021,0.7265151482264893,6000.0
crossing topology,crossing_90_d_8,prospective HGB,0.4,0.43973757541473185,0.10948465769607954,0.17749222533743156,13.459499443604102,0.7272943123970526,6000.0
crossing topology,crossing_90_d_8,global disagreement guard,0.4,0.4386965832591656,0.10867523696655233,0.17845243080435935,12.969685087524393,0.7285839381971182,6000.0
crossing topology,crossing_90_d_8,local geometry guard,0.4,0.43776964293641824,0.10850709720239665,0.17850186327874462,12.961907176277395,0.7297296991066701,6000.0
crossing topology,crossing_90_d_8,local coarse-HGB guard,0.4,0.43799045424805455,0.1084329207836605,0.17836370494169718,12.909554819654494,0.7294569812898977,6000.0
crossing topology,crossing_90_d_8,local CV guard,0.4,0.4464497457692092,0.11250547189865406,0.176941100326111,14.161537056992405,0.718905595398552,6000.0
crossing topology,crossing_90_d_8,graph-ensemble-dispersion guard,0.4,0.43793437166574295,0.10844490055527994,0.17850220987390716,12.962124286964979,0.7295262603327142,6000.0
crossing topology,crossing_90_d_8,Mahalanobis OOD guard,0.4,0.43977027162964183,0.10874047262626552,0.1784007472713722,12.96377613340156,0.7272537574126532,6000.0
crossing topology,crossing_90_d_8,learned mixture-of-experts gate,0.4,0.43976923779732496,0.10856016727309359,0.17806604910483217,13.105397579456746,0.7272550397801376,6000.0
crossing topology,crossing_90_d_8,GEL-Ped reliability guard,0.4,0.4377843675493534,0.108520569038204,0.1785957513497547,12.965427979838141,0.7297115174325357,6000.0
crossing topology,crossing_90_d_8,GEL-Ped instability guard,0.4,0.438772450688908,0.10863198323277617,0.17857181283467116,13.063925714338808,0.7284900536293925,6000.0
crossing topology,crossing_90_e_1,constant velocity,0.4,0.3585598425327121,0.1220913118415077,0.15842514187036377,11.027132305060798,0.8669863060527236,6000.0
crossing topology,crossing_90_e_1,single graph network,0.4,0.3404490783085228,0.11545563802475296,0.16495064523722353,10.549269349034503,0.8800839310731761,6000.0
crossing topology,crossing_90_e_1,five-member graph ensemble,0.4,0.33663024078309095,0.11396047113739992,0.16501017253640385,10.31509291992167,0.8827590542733189,6000.0
crossing topology,crossing_90_e_1,coordinate-median graph ensemble,0.4,0.3369393320539875,0.11409072531460913,0.16490802345205297,10.304516837811615,0.8825436559797691,6000.0
crossing topology,crossing_90_e_1,trimmed graph ensemble,0.4,0.33698303085612896,0.11409615878174945,0.16458813636746034,10.337385077346731,0.8825131873826777,6000.0
crossing topology,crossing_90_e_1,anchored coarse HGB,0.4,0.32905811665188955,0.11083034741562225,0.16234439730473085,9.603793315387183,0.8879741435059355,6000.0
crossing topology,crossing_90_e_1,prospective HGB,0.4,0.3329156124073704,0.11269795719140796,0.1633413533845246,9.932369999153492,0.8853322259008839,6000.0
crossing topology,crossing_90_e_1,global disagreement guard,0.4,0.3306777873782045,0.11205795351267085,0.16446017831648668,9.93390095480109,0.886868615089137,6000.0
crossing topology,crossing_90_e_1,local geometry guard,0.4,0.3305938422208619,0.11190334211678402,0.16462771078574473,9.861700708192256,0.8869260463823561,6000.0
crossing topology,crossing_90_e_1,local coarse-HGB guard,0.4,0.3293874831156795,0.1112891157714721,0.16449714331536996,9.748906828817486,0.8877497696071859,6000.0
crossing topology,crossing_90_e_1,local CV guard,0.4,0.3357124828433672,0.11402700716647188,0.1646699732482424,10.312636302783684,0.8833974528602638,6000.0
crossing topology,crossing_90_e_1,graph-ensemble-dispersion guard,0.4,0.3308630023103315,0.11201283828623705,0.16463744685627238,9.89459979760617,0.8867418482441145,6000.0
crossing topology,crossing_90_e_1,Mahalanobis OOD guard,0.4,0.33256870102110114,0.11266573230885724,0.16460155761003128,10.058568420463276,0.8855710782048718,6000.0
crossing topology,crossing_90_e_1,learned mixture-of-experts gate,0.4,0.33126063541863565,0.11223723392641714,0.16428435475139155,9.92072050334191,0.8864694560310965,6000.0
crossing topology,crossing_90_e_1,GEL-Ped reliability guard,0.4,0.33039446379406817,0.11181179494920823,0.16453459112509428,9.80884605567691,0.8870623931977043,6000.0
crossing topology,crossing_90_e_1,GEL-Ped instability guard,0.4,0.3317088156418975,0.11215131817234719,0.1647063566521277,10.001697997061102,0.8861620451305199,6000.0
crossing topology,crossing_90_e_2,constant velocity,0.4,0.39570461350082,0.13410706044708523,0.1745510480784221,13.79446767869435,0.8341887643207295,6000.0
crossing topology,crossing_90_e_2,single graph network,0.4,0.3790642569907717,0.12665317894100545,0.18237891414737736,12.890376484956226,0.8478410861608199,6000.0
crossing topology,crossing_90_e_2,five-member graph ensemble,0.4,0.37589859563624217,0.12534445353670245,0.18198867435719707,12.989369119911839,0.8503719091216551,6000.0
crossing topology,crossing_90_e_2,coordinate-median graph ensemble,0.4,0.3764008978353051,0.12548924502948441,0.1820222056740341,12.899915264403566,0.8499717547394983,6000.0
crossing topology,crossing_90_e_2,trimmed graph ensemble,0.4,0.3764842258348783,0.1255432252401608,0.18189658426229122,12.881513542466372,0.8499053205868061,6000.0
crossing topology,crossing_90_e_2,anchored coarse HGB,0.4,0.3718462691888598,0.12420688078012915,0.18060368310056826,12.239420493911743,0.8535806126479784,6000.0
crossing topology,crossing_90_e_2,prospective HGB,0.4,0.3753858314163106,0.12574537321181473,0.18177507827011125,12.68478548867763,0.8507798468076975,6000.0
crossing topology,crossing_90_e_2,global disagreement guard,0.4,0.37107426891676554,0.12403498923121975,0.1820059031256907,12.380272767495704,0.8541879521743225,6000.0
crossing topology,crossing_90_e_2,local geometry guard,0.4,0.3714045965873358,0.1241828117103955,0.1821710541732214,12.34378287934112,0.8539282349341831,6000.0
crossing topology,crossing_90_e_2,local coarse-HGB guard,0.4,0.3691494499821636,0.12323860038288659,0.18190084432810044,12.125539636743328,0.8556967276201015,6000.0
crossing topology,crossing_90_e_2,local CV guard,0.4,0.37576179034566637,0.12576429897220462,0.1819885198244045,13.012068217471326,0.8504808011992397,6000.0
crossing topology,crossing_90_e_2,graph-ensemble-dispersion guard,0.4,0.37095433200197453,0.12397517154393214,0.18204066697846505,12.446283652843864,0.8542821943376032,6000.0
crossing topology,crossing_90_e_2,Mahalanobis OOD guard,0.4,0.37233841592117123,0.12431583874879826,0.1820356192114557,12.533701305083842,0.8531927775914557,6000.0
crossing topology,crossing_90_e_2,learned mixture-of-experts gate,0.4,0.371529974833874,0.12420080388587162,0.18207881569400222,12.460612043993628,0.8538295968818502,6000.0
crossing topology,crossing_90_e_2,GEL-Ped reliability guard,0.4,0.3714327225198563,0.12417732483291136,0.18211275170706592,12.381843289100003,0.8539061104898068,6000.0
crossing topology,crossing_90_e_2,GEL-Ped instability guard,0.4,0.3705564998374613,0.1237616858923648,0.18167079750317341,12.487728731563688,0.8545945785813891,6000.0
crossing topology,crossing_90_e_3,constant velocity,0.4,0.39957679467625495,0.13607070488082046,0.18458057527112165,12.190465709481275,0.8116284719853581,6000.0
crossing topology,crossing_90_e_3,single graph network,0.4,0.3878677580316745,0.13134947048868378,0.19116328650579445,11.571887273773148,0.8225066432341568,6000.0
crossing topology,crossing_90_e_3,five-member graph ensemble,0.4,0.3854699639257263,0.13040629637173726,0.19154807010299763,11.387681018624734,0.8246943838329484,6000.0
crossing topology,crossing_90_e_3,coordinate-median graph ensemble,0.4,0.38538147218941826,0.13042343678261667,0.1915232500544947,11.460433916979756,0.8247748638659053,6000.0
crossing topology,crossing_90_e_3,trimmed graph ensemble,0.4,0.3852066729841886,0.13037790656352688,0.1913260486643997,11.481049293359554,0.8249337831208624,6000.0
crossing topology,crossing_90_e_3,anchored coarse HGB,0.4,0.38488126105928383,0.13018387118261998,0.1882964758366498,11.58004951603727,0.8252294403659313,6000.0
crossing topology,crossing_90_e_3,prospective HGB,0.4,0.3862696169847441,0.13090372079882004,0.19019726756167976,11.526868155016494,0.823966290388161,6000.0
crossing topology,crossing_90_e_3,global disagreement guard,0.4,0.3831506683165351,0.12964592665605357,0.19081343728714778,11.389578155447778,0.8267975950393166,6000.0
crossing topology,crossing_90_e_3,local geometry guard,0.4,0.3833818929669019,0.12972105160952452,0.19096260018227199,11.296673433202388,0.8265884827857151,6000.0
crossing topology,crossing_90_e_3,local coarse-HGB guard,0.4,0.38350904752081605,0.12969202986019265,0.19051847521215434,11.486201069546565,0.8264734344689192,6000.0
crossing topology,crossing_90_e_3,local CV guard,0.4,0.3843468266357245,0.1298562620129076,0.19027118581781166,11.26444751073645,0.8257144655629104,6000.0
crossing topology,crossing_90_e_3,graph-ensemble-dispersion guard,0.4,0.3831545015215053,0.1296312362317894,0.19104430178496878,11.380015566084023,0.8267941294384681,6000.0
crossing topology,crossing_90_e_3,Mahalanobis OOD guard,0.4,0.3836433906780339,0.12974040510291182,0.1911133051881228,11.311394246042177,0.8263518405198902,6000.0
crossing topology,crossing_90_e_3,learned mixture-of-experts gate,0.4,0.382047146281607,0.12934450688239016,0.19099278020556165,11.328511489201512,0.8277938476527866,6000.0
crossing topology,crossing_90_e_3,GEL-Ped reliability guard,0.4,0.38362313973942525,0.12981861335556372,0.19094174808314315,11.376960550532486,0.8263701723639457,6000.0
crossing topology,crossing_90_e_3,GEL-Ped instability guard,0.4,0.38510059748457404,0.1302962295532692,0.19088186683345498,11.456195401988191,0.8250301868482786,6000.0
crossing topology,crossing_90_e_4,constant velocity,0.4,0.40138656132783435,0.13640208064738074,0.1633983684359431,18.20303589797152,0.7675958912012308,6000.0
crossing topology,crossing_90_e_4,single graph network,0.4,0.3708978661963659,0.12357778862141029,0.1780622939520159,14.890841597492441,0.8015610978626033,6000.0
crossing topology,crossing_90_e_4,five-member graph ensemble,0.4,0.3685822677709184,0.12257109586570175,0.17813369691205017,14.517562970579384,0.8040311601378538,6000.0
crossing topology,crossing_90_e_4,coordinate-median graph ensemble,0.4,0.36854162367400556,0.1226268861119218,0.17816963257447593,14.582695173754475,0.8040743772867022,6000.0
crossing topology,crossing_90_e_4,trimmed graph ensemble,0.4,0.36866616886910175,0.12268729376822707,0.17800069579853423,14.533396872370716,0.8039419324474611,6000.0
crossing topology,crossing_90_e_4,anchored coarse HGB,0.4,0.3688049230145398,0.12256092760411932,0.17425168130937516,14.871294503518948,0.8037943247131478,6000.0
crossing topology,crossing_90_e_4,prospective HGB,0.4,0.3692166708077217,0.12299563061561845,0.17616741348223713,14.586801135946098,0.8033559772522497,6000.0
crossing topology,crossing_90_e_4,global disagreement guard,0.4,0.3655228455527673,0.1217282650361649,0.17773018809517643,14.403104087698656,0.8072709423113511,6000.0
crossing topology,crossing_90_e_4,local geometry guard,0.4,0.3655053481800038,0.12173731122403203,0.17770148766705765,14.268269540995018,0.8072893935326186,6000.0
crossing topology,crossing_90_e_4,local coarse-HGB guard,0.4,0.3662680678201918,0.12187852647010354,0.17739056713078488,14.48626112139627,0.8064842752215853,6000.0
crossing topology,crossing_90_e_4,local CV guard,0.4,0.37401957989464174,0.12530030577346063,0.17701473979848287,15.413551898376209,0.7982066630097759,6000.0
crossing topology,crossing_90_e_4,graph-ensemble-dispersion guard,0.4,0.36532471812040945,0.12162714155504402,0.17787764185757407,14.398088782839938,0.8074798188013417,6000.0
crossing topology,crossing_90_e_4,Mahalanobis OOD guard,0.4,0.36592200734903335,0.12173995757023165,0.17772566334977216,14.355978781804135,0.8068497807737903,6000.0
crossing topology,crossing_90_e_4,learned mixture-of-experts gate,0.4,0.36522123904994536,0.12160471322396622,0.17757845453005255,14.318296616865172,0.8075888669273443,6000.0
crossing topology,crossing_90_e_4,GEL-Ped reliability guard,0.4,0.3656430838924277,0.12175469727040403,0.17772095295626514,14.328871872885474,0.8071441254318117,6000.0
crossing topology,crossing_90_e_4,GEL-Ped instability guard,0.4,0.3667101814986951,0.1220454609865703,0.1779134138921745,14.503095487400689,0.8060168165881367,6000.0
crossing topology,crossing_90_e_5,constant velocity,0.4,0.387762906780677,0.13274206757829893,0.15603043698137328,21.769597941352764,0.733842709018328,6000.0
crossing topology,crossing_90_e_5,single graph network,0.4,0.3494059821036135,0.11721436669483909,0.169971584080238,16.047002831656147,0.7838941540814572,6000.0
crossing topology,crossing_90_e_5,five-member graph ensemble,0.4,0.3466977754388465,0.11611813916987586,0.17014949383843955,15.947994838065991,0.7872311957031457,6000.0
crossing topology,crossing_90_e_5,coordinate-median graph ensemble,0.4,0.3465902765153719,0.11606534934424997,0.17007435363927614,15.819013174994463,0.787363119661477,6000.0
crossing topology,crossing_90_e_5,trimmed graph ensemble,0.4,0.34665091491372213,0.11605195094001404,0.16978189985752576,15.818925289505529,0.7872887085272242,6000.0
crossing topology,crossing_90_e_5,anchored coarse HGB,0.4,0.3457066996677372,0.11590651775084615,0.16577917413818719,16.29040805615285,0.7884459055947424,6000.0
crossing topology,crossing_90_e_5,prospective HGB,0.4,0.348622382807707,0.11712821782057391,0.16806337083394166,16.467518550713184,0.7848623716323488,6000.0
crossing topology,crossing_90_e_5,global disagreement guard,0.4,0.3442694423728514,0.11565270497605507,0.1696042409480714,15.827988820930647,0.7902012989031052,6000.0
crossing topology,crossing_90_e_5,local geometry guard,0.4,0.3451225650467099,0.1157942312296671,0.16963847018787523,15.838944103546874,0.78916022017822,6000.0
crossing topology,crossing_90_e_5,local coarse-HGB guard,0.4,0.34401261185015897,0.11544894495761869,0.1692360853644732,15.912360213916383,0.790514208529989,6000.0
crossing topology,crossing_90_e_5,local CV guard,0.4,0.3547515057286409,0.11979486556549286,0.1686177679676978,17.097108375336635,0.7772312141498467,6000.0
crossing topology,crossing_90_e_5,graph-ensemble-dispersion guard,0.4,0.34456236173334487,0.11567476700817414,0.17001524898693768,15.835413654955586,0.7898441353695649,6000.0
crossing topology,crossing_90_e_5,Mahalanobis OOD guard,0.4,0.34416578069365444,0.11564623146496025,0.16994314256468093,15.798874701704872,0.790327623280064,6000.0
crossing topology,crossing_90_e_5,learned mixture-of-experts gate,0.4,0.3441495495990339,0.11555054535177062,0.1694743718157355,15.791400931559426,0.79034739940034,6000.0
crossing topology,crossing_90_e_5,GEL-Ped reliability guard,0.4,0.3451031360403218,0.11578241572822268,0.16964930205311265,15.838944103546874,0.789183958365973,6000.0
crossing topology,crossing_90_e_5,GEL-Ped instability guard,0.4,0.345136228725713,0.11591071960706262,0.1700458669502887,15.915491374469529,0.7891435252159553,6000.0
crossing topology,crossing_90_e_6,constant velocity,0.4,0.37164360693131354,0.12623345166106786,0.1553764235198853,19.44505775960983,0.7983430123173518,6000.0
crossing topology,crossing_90_e_6,single graph network,0.4,0.3403051373466306,0.11369778165910614,0.16660954423948215,14.797118043649384,0.830918164619768,6000.0
crossing topology,crossing_90_e_6,five-member graph ensemble,0.4,0.33792643058179134,0.1127568978023468,0.16674427628887664,14.66348392875633,0.8332736415239153,6000.0
crossing topology,crossing_90_e_6,coordinate-median graph ensemble,0.4,0.3380578927741914,0.11283467964524463,0.166530613695197,14.626298992295546,0.8331438944901808,6000.0
crossing topology,crossing_90_e_6,trimmed graph ensemble,0.4,0.3382705604501347,0.11293251455817413,0.16627029753139314,14.703477082994574,0.8329338945909252,6000.0
crossing topology,crossing_90_e_6,anchored coarse HGB,0.4,0.3375786908380949,0.11235619802817748,0.16414345846204956,14.964179790221493,0.8336166010879128,6000.0
crossing topology,crossing_90_e_6,prospective HGB,0.4,0.3386470029027723,0.11279062694879004,0.16564616810415972,14.919102144490767,0.8325618505785355,6000.0
crossing topology,crossing_90_e_6,global disagreement guard,0.4,0.3361953380851412,0.11217374755464077,0.16672745970084837,14.61003084547344,0.8349774413445128,6000.0
crossing topology,crossing_90_e_6,local geometry guard,0.4,0.33570423053723447,0.11187282895974503,0.1668719086018746,14.443881602665707,0.8354592126324698,6000.0
crossing topology,crossing_90_e_6,local coarse-HGB guard,0.4,0.3350664055671948,0.11176369073094335,0.1667182647613588,14.32390186609061,0.8360838608463825,6000.0
crossing topology,crossing_90_e_6,local CV guard,0.4,0.3411131599169202,0.1141657736366555,0.1661791778336777,15.369110872312104,0.830114273510407,6000.0
crossing topology,crossing_90_e_6,graph-ensemble-dispersion guard,0.4,0.3353284710546186,0.11191587867694963,0.16696251269718948,14.305039330415664,0.8358273531149217,6000.0
crossing topology,crossing_90_e_6,Mahalanobis OOD guard,0.4,0.33631512737960617,0.11217597073653814,0.1666465269732881,14.479302426088498,0.8348598224761035,6000.0
crossing topology,crossing_90_e_6,learned mixture-of-experts gate,0.4,0.3352405992404093,0.11183133602989088,0.16638164178341064,14.468423268167735,0.8359133837350814,6000.0
crossing topology,crossing_90_e_6,GEL-Ped reliability guard,0.4,0.33595119424353653,0.11194098186682849,0.1669176113110533,14.445925767421572,0.8352170318914853,6000.0
crossing topology,crossing_90_e_6,GEL-Ped instability guard,0.4,0.3359866598109733,0.11221873429544103,0.1668831056320599,14.447586328709173,0.835182238564103,6000.0
