dataset,run,model,parameters,samples,vector_rmse_mps,displacement_mae_m,speed_mae_mps,median_angle_deg,vector_r2,condition
corridor held-out,bi_corr_400_a_03,constant_velocity,0,6000.0,0.23351911411069828,0.08182003549797037,0.08648923538307349,22.590942274410985,0.7657574668788314,retrained_without_wall
corridor held-out,bi_corr_400_a_03,social_force,4,6000.0,0.22544465341389008,0.07947904790391346,0.08534966928801316,21.07653507130211,0.7816763580559501,retrained_without_wall
corridor held-out,bi_corr_400_a_03,unrestricted_linear,22,6000.0,0.20305909939772374,0.06969680449075268,0.08713024615598075,18.049477772605748,0.8228807361843005,retrained_without_wall
corridor held-out,bi_corr_400_a_03,direct_mlp,18434,6000.0,0.1767750416320456,0.06012508508414737,0.07891081859948838,13.680861267052187,0.8657659222165436,retrained_without_wall
corridor held-out,bi_corr_400_a_03,tensor_prior,10,6000.0,0.20669294507502742,0.07110835651207777,0.0887365688966226,18.421880630291767,0.8164847355827848,retrained_without_wall
corridor held-out,bi_corr_400_a_03,tensor_residual,18700,6000.0,0.1789406187017716,0.06079325827698243,0.07857586762693228,14.037763459914448,0.8624569165058289,retrained_without_wall
corridor held-out,bi_corr_400_a_03,gel_ped,37134,6000.0,0.17602292011997195,0.05982486634749569,0.0777922019290508,13.774403492652773,0.8669057387831847,retrained_without_wall
corridor held-out,bi_corr_400_b_02,constant_velocity,0,4507.0,0.2207364967731481,0.07637285995499318,0.06720139186788017,6.838438439305945,0.969149986917952,retrained_without_wall
corridor held-out,bi_corr_400_b_02,social_force,4,4507.0,0.2199589835062606,0.07768078018554965,0.08699870224530773,6.6435974512383655,0.9693669338264198,retrained_without_wall
corridor held-out,bi_corr_400_b_02,unrestricted_linear,22,4507.0,0.21618825634690594,0.07141468213399203,0.07567636261281088,5.734395439592798,0.970408208483482,retrained_without_wall
corridor held-out,bi_corr_400_b_02,direct_mlp,18434,4507.0,0.1956827920907565,0.06569227391482403,0.06715418002516513,5.270663723312071,0.9757555501334176,retrained_without_wall
corridor held-out,bi_corr_400_b_02,tensor_prior,10,4507.0,0.21203722057714708,0.07035441555690378,0.07249920192666376,5.705325715583728,0.9715336839654494,retrained_without_wall
corridor held-out,bi_corr_400_b_02,tensor_residual,18700,4507.0,0.19497833408437204,0.0655209950385689,0.06700531408201534,5.254544097528069,0.975929795953241,retrained_without_wall
corridor held-out,bi_corr_400_b_02,gel_ped,37134,4507.0,0.19405858270949689,0.06513561679750585,0.06626819568151956,5.251310559063753,0.9761563481728359,retrained_without_wall
corridor held-out,bi_corr_400_b_04,constant_velocity,0,6000.0,0.2369582200471856,0.08305636234763784,0.08584396069058953,18.967850777681605,0.8255001009002861,retrained_without_wall
corridor held-out,bi_corr_400_b_04,social_force,4,6000.0,0.22946368444639664,0.08059769493474135,0.08490280140516056,17.80026240682177,0.8363637389423504,retrained_without_wall
corridor held-out,bi_corr_400_b_04,unrestricted_linear,22,6000.0,0.21815373604867588,0.07432410183879282,0.09299714140055604,15.468090415844255,0.8520970172844977,retrained_without_wall
corridor held-out,bi_corr_400_b_04,direct_mlp,18434,6000.0,0.1897868635945371,0.0642748694186052,0.08085702109843501,12.174383442684729,0.888060356404568,retrained_without_wall
corridor held-out,bi_corr_400_b_04,tensor_prior,10,6000.0,0.2175616820565841,0.0744845780345386,0.09300212805744751,15.703652186259127,0.8528987246326539,retrained_without_wall
corridor held-out,bi_corr_400_b_04,tensor_residual,18700,6000.0,0.19022391769379668,0.06455494821416154,0.08064544358768388,12.45631783044126,0.8875441983147552,retrained_without_wall
corridor held-out,bi_corr_400_b_04,gel_ped,37134,6000.0,0.1883789217332079,0.0638412933623108,0.07974586977823214,12.208978454528665,0.889715053777501,retrained_without_wall
corridor held-out,bi_corr_400_b_06,constant_velocity,0,6000.0,0.24056189197722572,0.08299682767182154,0.08928624994832841,23.203533051180607,0.7123567166685933,retrained_without_wall
corridor held-out,bi_corr_400_b_06,social_force,4,6000.0,0.23443655406812414,0.08127109398629984,0.08866981312510476,21.953098764531376,0.7268185321687237,retrained_without_wall
corridor held-out,bi_corr_400_b_06,unrestricted_linear,22,6000.0,0.2183182786166125,0.07381154705862436,0.09481207604289196,19.47136585859197,0.7630914292687435,retrained_without_wall
corridor held-out,bi_corr_400_b_06,direct_mlp,18434,6000.0,0.1923867434220099,0.06502146608717733,0.08274262041108466,15.587948966700827,0.8160283673633193,retrained_without_wall
corridor held-out,bi_corr_400_b_06,tensor_prior,10,6000.0,0.21882422700539933,0.07426228993524675,0.09537836674474681,19.816807821027805,0.7619920948374306,retrained_without_wall
corridor held-out,bi_corr_400_b_06,tensor_residual,18700,6000.0,0.19478826934736837,0.06604858233739741,0.0820068428710819,16.371897472521884,0.8114067373317448,retrained_without_wall
corridor held-out,bi_corr_400_b_06,gel_ped,37134,6000.0,0.19167065293057334,0.0648014999708013,0.08125168053987947,15.866037702321574,0.8173953550929722,retrained_without_wall
corridor held-out,bi_corr_400_b_10,constant_velocity,0,6000.0,0.225856763420161,0.0788940201271342,0.07856644726958634,20.763564272677364,0.7842561106814656,retrained_without_wall
corridor held-out,bi_corr_400_b_10,social_force,4,6000.0,0.21805312776229172,0.07674237887306834,0.07864414221214101,19.268313188009234,0.7989070041232165,retrained_without_wall
corridor held-out,bi_corr_400_b_10,unrestricted_linear,22,6000.0,0.195394505527417,0.0667248489832348,0.08078736554030574,16.1300689021291,0.8385280843754659,retrained_without_wall
corridor held-out,bi_corr_400_b_10,direct_mlp,18434,6000.0,0.16754127365612506,0.056658047079601495,0.0695956497961155,12.298371311617522,0.8812821758285823,retrained_without_wall
corridor held-out,bi_corr_400_b_10,tensor_prior,10,6000.0,0.1981652435209417,0.06794243552397077,0.0815498260561606,16.670824771563904,0.8339161997082805,retrained_without_wall
corridor held-out,bi_corr_400_b_10,tensor_residual,18700,6000.0,0.1711756951380658,0.057789080107525086,0.07108109446530889,12.897548472870891,0.8760756917095012,retrained_without_wall
corridor held-out,bi_corr_400_b_10,gel_ped,37134,6000.0,0.16803313435092507,0.05671648113469663,0.06945805308150972,12.52530710633031,0.8805840989483725,retrained_without_wall
altered geometry,bi_corr_400_a_04,constant_velocity,0,6000.0,0.22816453769158862,0.07898982117110064,0.08540915028670536,23.8271635482475,0.712510609395176,retrained_without_wall
altered geometry,bi_corr_400_a_04,social_force,4,6000.0,0.22402213126215245,0.07813828703629504,0.08583534419534768,22.872524596981044,0.7228547875875673,retrained_without_wall
altered geometry,bi_corr_400_a_04,unrestricted_linear,22,6000.0,0.2078673936630722,0.07045846384007691,0.09034359985178901,19.79108599897401,0.7613847078635857,retrained_without_wall
altered geometry,bi_corr_400_a_04,direct_mlp,18434,6000.0,0.18450446919864655,0.06228992559667154,0.08115191362264576,15.58973253098444,0.8120080242328596,retrained_without_wall
altered geometry,bi_corr_400_a_04,tensor_prior,10,6000.0,0.21049882121109711,0.07163094606023564,0.09235762292766606,20.246808468887608,0.7553051281908472,retrained_without_wall
altered geometry,bi_corr_400_a_04,tensor_residual,18700,6000.0,0.18601530214383544,0.06261255240261691,0.07986859553250072,16.078262124686656,0.8089166373111482,retrained_without_wall
altered geometry,bi_corr_400_a_04,gel_ped,37134,6000.0,0.18307141771874086,0.06167273859803765,0.07936876334256383,15.764779131644111,0.8149169613772098,retrained_without_wall
altered geometry,bi_corr_400_a_05,constant_velocity,0,6000.0,0.22763402106027597,0.07944385689237222,0.08256353917373965,25.506263721904062,0.6727207040472896,retrained_without_wall
altered geometry,bi_corr_400_a_05,social_force,4,6000.0,0.22075998691750529,0.07745935248107938,0.08199206272056189,23.31140592765215,0.6921884503184246,retrained_without_wall
altered geometry,bi_corr_400_a_05,unrestricted_linear,22,6000.0,0.1969760232768269,0.06792438556005957,0.08430933501522189,20.246411323956547,0.7549408501010196,retrained_without_wall
altered geometry,bi_corr_400_a_05,direct_mlp,18434,6000.0,0.17804199127991668,0.06036480337280408,0.07692741743973626,15.764425141767541,0.7997884730317447,retrained_without_wall
altered geometry,bi_corr_400_a_05,tensor_prior,10,6000.0,0.19943220281000423,0.06901920755692689,0.08539612294229405,20.767165083586207,0.748791248821741,retrained_without_wall
altered geometry,bi_corr_400_a_05,tensor_residual,18700,6000.0,0.18030161265859876,0.06125795514591782,0.07598375544742571,16.4726723962537,0.7946742516425422,retrained_without_wall
altered geometry,bi_corr_400_a_05,gel_ped,37134,6000.0,0.1772817870483217,0.0600977611599417,0.07553523406013521,16.01611888480837,0.8014945504957327,retrained_without_wall
altered geometry,bi_corr_400_b_08,constant_velocity,0,6000.0,0.23146531684219218,0.07877422986465246,0.08775060472912048,25.87059344131203,0.6347727687635145,retrained_without_wall
altered geometry,bi_corr_400_b_08,social_force,4,6000.0,0.22761273405933305,0.07864476575077249,0.08848676671741706,24.988528711945598,0.6468295063842762,retrained_without_wall
altered geometry,bi_corr_400_b_08,unrestricted_linear,22,6000.0,0.2078870353462263,0.07020098199389477,0.09081822888432907,21.08987813825751,0.7053909300588115,retrained_without_wall
altered geometry,bi_corr_400_b_08,direct_mlp,18434,6000.0,0.18430241278156317,0.06262036952594913,0.08212446492944563,16.99967977097286,0.7684454373622213,retrained_without_wall
altered geometry,bi_corr_400_b_08,tensor_prior,10,6000.0,0.20688088444996855,0.06984133984551093,0.09082671820989628,21.23568183787924,0.708235781407594,retrained_without_wall
altered geometry,bi_corr_400_b_08,tensor_residual,18700,6000.0,0.1855777575055337,0.06293874537434893,0.080691949423432,17.37595824249034,0.7652297046756313,retrained_without_wall
altered geometry,bi_corr_400_b_08,gel_ped,37134,6000.0,0.18266278264027808,0.061889774908854556,0.07988476795068467,16.82281653844674,0.772547120152298,retrained_without_wall
crossing topology,crossing_90_d_1,constant_velocity,0,6000.0,0.4080601850013467,0.14145429071399607,0.15560737961586601,11.640473813663723,0.8671832681978686,retrained_without_wall
crossing topology,crossing_90_d_1,social_force,4,6000.0,0.39913458068347685,0.139584487210073,0.1697236415084979,11.216652644260305,0.8729299918372813,retrained_without_wall
crossing topology,crossing_90_d_1,unrestricted_linear,22,6000.0,0.3463903265286966,0.11971446902604906,0.16676395964250057,8.876043096061622,0.9042947293963564,retrained_without_wall
crossing topology,crossing_90_d_1,direct_mlp,18434,6000.0,0.3686465631103629,0.12733609608215532,0.2037180703805642,8.561914789135646,0.8916011377615256,retrained_without_wall
crossing topology,crossing_90_d_1,tensor_prior,10,6000.0,0.3453651333811421,0.11920181912426704,0.1638942270137064,8.898552714608012,0.9048603987304014,retrained_without_wall
crossing topology,crossing_90_d_1,tensor_residual,18700,6000.0,0.3394834774029463,0.11626708188888807,0.16650460785976764,8.516381997329844,0.9080733086030914,retrained_without_wall
crossing topology,crossing_90_d_1,gel_ped,37134,6000.0,0.34884572704228933,0.12020246696337969,0.18151718588538104,8.49941409374763,0.9029330998296465,retrained_without_wall
crossing topology,crossing_90_d_2,constant_velocity,0,6000.0,0.3993939471248907,0.13757601470344788,0.16894256868587823,8.272994610634695,0.9009396361265762,retrained_without_wall
crossing topology,crossing_90_d_2,social_force,4,6000.0,0.3951161486380366,0.13718919209358124,0.18773259007611495,8.037988473142967,0.9030502884685377,retrained_without_wall
crossing topology,crossing_90_d_2,unrestricted_linear,22,6000.0,0.3530556423525288,0.12025247437039627,0.1800728247134191,6.631751065991837,0.9225924584676424,retrained_without_wall
crossing topology,crossing_90_d_2,direct_mlp,18434,6000.0,0.385651498757919,0.13346650935489018,0.22815487695293113,6.772711844329416,0.9076393441110538,retrained_without_wall
crossing topology,crossing_90_d_2,tensor_prior,10,6000.0,0.34925653248134986,0.11887094447521061,0.17604034347971423,6.524792124841764,0.9242494069748793,retrained_without_wall
crossing topology,crossing_90_d_2,tensor_residual,18700,6000.0,0.3511446006745763,0.11931374949113463,0.17799988965031913,6.789037691870078,0.9234281832689527,retrained_without_wall
crossing topology,crossing_90_d_2,gel_ped,37134,6000.0,0.36142486410308294,0.12392701295464617,0.197157984985541,6.742040466801669,0.9188790525889078,retrained_without_wall
crossing topology,crossing_90_d_3,constant_velocity,0,6000.0,0.3721267453211786,0.1282650539281492,0.156336256812784,7.157240652002288,0.9130712091295343,retrained_without_wall
crossing topology,crossing_90_d_3,social_force,4,6000.0,0.3701282140134956,0.1287766837274283,0.1774277761866481,6.944745500956655,0.9140024154901821,retrained_without_wall
crossing topology,crossing_90_d_3,unrestricted_linear,22,6000.0,0.3316317045148445,0.1131023210745104,0.16634922029320853,5.684978327178343,0.9309610852406187,retrained_without_wall
crossing topology,crossing_90_d_3,direct_mlp,18434,6000.0,0.3608331118971387,0.12483411709082626,0.19896336371502268,5.854217825012271,0.9182675274383724,retrained_without_wall
crossing topology,crossing_90_d_3,tensor_prior,10,6000.0,0.3274126299178509,0.11147622563090615,0.16220187343887546,5.592546425861551,0.9327065605297458,retrained_without_wall
crossing topology,crossing_90_d_3,tensor_residual,18700,6000.0,0.33728147521178264,0.11503031680975247,0.16436346337936647,5.810587997949997,0.9285887151253873,retrained_without_wall
crossing topology,crossing_90_d_3,gel_ped,37134,6000.0,0.34432952768156144,0.11829457373830032,0.17772205981570283,5.746821097652231,0.9255730189116499,retrained_without_wall
crossing topology,crossing_90_d_5,constant_velocity,0,6000.0,0.40905218315230474,0.14233191590703495,0.16124791538778147,11.691881775342438,0.8412457357224268,retrained_without_wall
crossing topology,crossing_90_d_5,social_force,4,6000.0,0.3955857136692552,0.13842785551858164,0.1689996472454653,11.271856873914686,0.8515264243130454,retrained_without_wall
crossing topology,crossing_90_d_5,unrestricted_linear,22,6000.0,0.3516100174486428,0.12133030450569421,0.16972386919266327,8.943043650348365,0.8827020426349454,retrained_without_wall
crossing topology,crossing_90_d_5,direct_mlp,18434,6000.0,0.3594605324071371,0.12371199870837908,0.18171157074882968,8.945568392031323,0.8774056666543691,retrained_without_wall
crossing topology,crossing_90_d_5,tensor_prior,10,6000.0,0.35056155063879835,0.121140339350884,0.1675017174240354,8.970038823126705,0.8834005418094981,retrained_without_wall
crossing topology,crossing_90_d_5,tensor_residual,18700,6000.0,0.34918404737443276,0.12014158540724895,0.16683047316199437,9.010265066784314,0.8843150777586518,retrained_without_wall
crossing topology,crossing_90_d_5,gel_ped,37134,6000.0,0.3514429766682062,0.12098221234676279,0.17251368877750145,8.983361015293093,0.882813466582947,retrained_without_wall
crossing topology,crossing_90_d_6,constant_velocity,0,6000.0,0.41797725092601234,0.14517034658057357,0.15047066483834964,17.327089535417993,0.7813275718268395,retrained_without_wall
crossing topology,crossing_90_d_6,social_force,4,6000.0,0.40001199454718955,0.13968279061214883,0.1528863660501549,16.62753578151358,0.7997212994065717,retrained_without_wall
crossing topology,crossing_90_d_6,unrestricted_linear,22,6000.0,0.3506469802396441,0.12058260439785434,0.1588685396714475,13.17934133508415,0.8461034290540786,retrained_without_wall
crossing topology,crossing_90_d_6,direct_mlp,18434,6000.0,0.3401364118011538,0.11599328203379022,0.1647591859885297,11.967351754351666,0.8551911886317342,retrained_without_wall
crossing topology,crossing_90_d_6,tensor_prior,10,6000.0,0.3512050986892951,0.12093141850409739,0.15753787025455435,13.36294176062227,0.8456131303935561,retrained_without_wall
crossing topology,crossing_90_d_6,tensor_residual,18700,6000.0,0.33538833391344214,0.1139314195589845,0.15755539664477708,11.826209823482277,0.8592058399717627,retrained_without_wall
crossing topology,crossing_90_d_6,gel_ped,37134,6000.0,0.33555875205179564,0.11415694782163421,0.1597666745746927,11.802250639638128,0.859062722444269,retrained_without_wall
crossing topology,crossing_90_d_7,constant_velocity,0,6000.0,0.40712891206799184,0.1408317731421834,0.1498419352057722,19.10384825556146,0.7660146096903814,retrained_without_wall
crossing topology,crossing_90_d_7,social_force,4,6000.0,0.39051040647313956,0.1357105986317909,0.1525974246769953,18.039607319182466,0.7847267460497305,retrained_without_wall
crossing topology,crossing_90_d_7,unrestricted_linear,22,6000.0,0.3841674395886999,0.12803638441935178,0.17983015066676086,15.556814732287888,0.7916632147761941,retrained_without_wall
crossing topology,crossing_90_d_7,direct_mlp,18434,6000.0,0.34358930561792517,0.11673925056611388,0.17062187528512077,13.474849534159413,0.8333504567553627,retrained_without_wall
crossing topology,crossing_90_d_7,tensor_prior,10,6000.0,0.3798906983442774,0.12738079830470803,0.1768997126600697,15.561763581280559,0.7962760106106207,retrained_without_wall
crossing topology,crossing_90_d_7,tensor_residual,18700,6000.0,0.33751055250077633,0.11404074225481545,0.1596586769635685,13.44525477237527,0.8391949942252417,retrained_without_wall
crossing topology,crossing_90_d_7,gel_ped,37134,6000.0,0.337959604731917,0.11453907817109582,0.16388569657266858,13.346273089488296,0.8387668127471093,retrained_without_wall
crossing topology,crossing_90_d_8,constant_velocity,0,6000.0,0.4170404856445794,0.14359793178630836,0.1581771001726247,21.978934844227112,0.7388503966194642,retrained_without_wall
crossing topology,crossing_90_d_8,social_force,4,6000.0,0.4006300635885194,0.13842040865369554,0.1586330663573782,20.991555030738127,0.7589983548420716,retrained_without_wall
crossing topology,crossing_90_d_8,unrestricted_linear,22,6000.0,0.3733930974235621,0.12526434668129818,0.1764404294602561,18.22491598256442,0.7906535957362464,retrained_without_wall
crossing topology,crossing_90_d_8,direct_mlp,18434,6000.0,0.35191119561925793,0.11780131842752939,0.18024197528708427,14.855445145608957,0.8140487498474155,retrained_without_wall
crossing topology,crossing_90_d_8,tensor_prior,10,6000.0,0.37139778356081493,0.12517547495895234,0.17500624890156197,18.190700539140142,0.7928850012701278,retrained_without_wall
crossing topology,crossing_90_d_8,tensor_residual,18700,6000.0,0.3428170119189617,0.11437032185476721,0.1671456980691969,15.181353967805475,0.8235353717216646,retrained_without_wall
crossing topology,crossing_90_d_8,gel_ped,37134,6000.0,0.3443256243024768,0.11509174747969629,0.17204088068090728,14.84757964662793,0.8219788417044765,retrained_without_wall
crossing topology,crossing_90_e_1,constant_velocity,0,6000.0,0.40660815750547846,0.14068023259136844,0.1482081763426271,14.308451808589565,0.8311836979784442,retrained_without_wall
crossing topology,crossing_90_e_1,social_force,4,6000.0,0.39233785040039937,0.1365319153557259,0.155081115584332,13.67233435952777,0.8428253056303984,retrained_without_wall
crossing topology,crossing_90_e_1,unrestricted_linear,22,6000.0,0.3589060493567885,0.12210620853434279,0.16368578431949835,11.195037645605234,0.8684703196047613,retrained_without_wall
crossing topology,crossing_90_e_1,direct_mlp,18434,6000.0,0.34809790570154403,0.1195137874488,0.1658385839831089,10.803796229894452,0.8762728444402206,retrained_without_wall
crossing topology,crossing_90_e_1,tensor_prior,10,6000.0,0.3567380027850792,0.12158716297249156,0.16113529675188104,11.293571110121114,0.8700545847994106,retrained_without_wall
crossing topology,crossing_90_e_1,tensor_residual,18700,6000.0,0.33967168382835305,0.11587595866777907,0.15379828227666728,10.750164288625273,0.882190341728178,retrained_without_wall
crossing topology,crossing_90_e_1,gel_ped,37134,6000.0,0.34150509905455206,0.11685133845356376,0.15802570802263624,10.813056157189411,0.8809151282952761,retrained_without_wall
crossing topology,crossing_90_e_2,constant_velocity,0,6000.0,0.41991187567551996,0.1446431429109907,0.15845496097349376,15.67883404669786,0.8168819129275788,retrained_without_wall
crossing topology,crossing_90_e_2,social_force,4,6000.0,0.4067095566526063,0.14069609551942988,0.16551363305213837,15.042319913375044,0.8282156155318993,retrained_without_wall
crossing topology,crossing_90_e_2,unrestricted_linear,22,6000.0,0.3888586476524222,0.13118726558324692,0.1794535516831723,13.104293530628919,0.8429642795474533,retrained_without_wall
crossing topology,crossing_90_e_2,direct_mlp,18434,6000.0,0.37457371598208694,0.1274566781513954,0.1750515539184225,12.544826628006383,0.8542899432670616,retrained_without_wall
crossing topology,crossing_90_e_2,tensor_prior,10,6000.0,0.3851608809026419,0.13020439417012863,0.17692975016750695,13.220653282078562,0.8459366734342509,retrained_without_wall
crossing topology,crossing_90_e_2,tensor_residual,18700,6000.0,0.36886754405789257,0.12470223521385285,0.16501189012958295,12.256600003957793,0.8586955572430549,retrained_without_wall
crossing topology,crossing_90_e_2,gel_ped,37134,6000.0,0.3692399417150223,0.12520607737676048,0.16823927834702276,12.39796602040979,0.8584100997296914,retrained_without_wall
crossing topology,crossing_90_e_3,constant_velocity,0,6000.0,0.4307936075334297,0.14961594472711315,0.163408463133426,15.835114468190278,0.780025193572512,retrained_without_wall
crossing topology,crossing_90_e_3,social_force,4,6000.0,0.41632666727694984,0.14535079765157868,0.17064244776491477,15.29527960981807,0.794551533669991,retrained_without_wall
crossing topology,crossing_90_e_3,unrestricted_linear,22,6000.0,0.3960288039686533,0.13568945476023092,0.18766464523039272,12.973469529711577,0.8140963177527315,retrained_without_wall
crossing topology,crossing_90_e_3,direct_mlp,18434,6000.0,0.381898213500386,0.1314506954475548,0.17823455830990792,12.603000575313958,0.8271259935085563,retrained_without_wall
crossing topology,crossing_90_e_3,tensor_prior,10,6000.0,0.39118635967678467,0.13438558794832164,0.18415205870236723,13.163940576377593,0.8186147994554882,retrained_without_wall
crossing topology,crossing_90_e_3,tensor_residual,18700,6000.0,0.37707241449422046,0.12961626964135728,0.17218733427412744,12.75704858782866,0.8314673819180244,retrained_without_wall
crossing topology,crossing_90_e_3,gel_ped,37134,6000.0,0.37773225490626705,0.12993749717183609,0.17408990867310262,12.633249934232254,0.8308770341408939,retrained_without_wall
crossing topology,crossing_90_e_4,constant_velocity,0,6000.0,0.43421555227022135,0.15110144266388623,0.15138988090377273,22.81919299928047,0.7198560704502301,retrained_without_wall
crossing topology,crossing_90_e_4,social_force,4,6000.0,0.41691015422816813,0.14555169651975472,0.15456747590091768,21.67482352724968,0.7417410309869263,retrained_without_wall
crossing topology,crossing_90_e_4,unrestricted_linear,22,6000.0,0.39683357807902875,0.13480373434274204,0.17664453244604914,18.864372663511475,0.7660153901846574,retrained_without_wall
crossing topology,crossing_90_e_4,direct_mlp,18434,6000.0,0.3747476203091095,0.12802080454330364,0.16733333098092765,17.224212584441105,0.7913356606828585,retrained_without_wall
crossing topology,crossing_90_e_4,tensor_prior,10,6000.0,0.39421878459504783,0.13433495151668126,0.1741738026808076,18.817412284948865,0.769088747768802,retrained_without_wall
crossing topology,crossing_90_e_4,tensor_residual,18700,6000.0,0.36948015141710217,0.12573129642134914,0.16122945208340997,17.000042627724994,0.797160424481091,retrained_without_wall
crossing topology,crossing_90_e_4,gel_ped,37134,6000.0,0.37010263408419164,0.12619345295930787,0.163099508215457,17.00800088028064,0.7964763797150517,retrained_without_wall
crossing topology,crossing_90_e_5,constant_velocity,0,6000.0,0.42882769339794274,0.14838703569075964,0.1485958170495097,25.077526426128962,0.6759305504946225,retrained_without_wall
crossing topology,crossing_90_e_5,social_force,4,6000.0,0.4130395498185194,0.14350399862841565,0.15403738089154995,23.493343636474457,0.6993537987942742,retrained_without_wall
crossing topology,crossing_90_e_5,unrestricted_linear,22,6000.0,0.40889158084255267,0.13749040534459275,0.1871498698316917,21.06051645007702,0.7053619848428971,retrained_without_wall
crossing topology,crossing_90_e_5,direct_mlp,18434,6000.0,0.37100145609508994,0.12643451555632443,0.16646532696705602,18.54913427435458,0.7574374935776667,retrained_without_wall
crossing topology,crossing_90_e_5,tensor_prior,10,6000.0,0.40526979066098967,0.13682889562728084,0.1839582877624801,21.02234683145027,0.7105584285086217,retrained_without_wall
crossing topology,crossing_90_e_5,tensor_residual,18700,6000.0,0.36711217519609907,0.1246694979766933,0.16140432963450113,18.72114432482836,0.7624964970779169,retrained_without_wall
crossing topology,crossing_90_e_5,gel_ped,37134,6000.0,0.3674726815897389,0.1250041973312778,0.16317684240987665,18.52065941436461,0.7620298082697763,retrained_without_wall
crossing topology,crossing_90_e_6,constant_velocity,0,6000.0,0.4139040964301594,0.1429252319198045,0.15345590807174164,21.786136732855056,0.7588671589295692,retrained_without_wall
crossing topology,crossing_90_e_6,social_force,4,6000.0,0.3995427853251322,0.13832931943527457,0.15739948292566724,20.742270888585324,0.7753101265956119,retrained_without_wall
crossing topology,crossing_90_e_6,unrestricted_linear,22,6000.0,0.4009066844637354,0.13258434079331757,0.1869125103557494,18.23174325337444,0.7737734832125636,retrained_without_wall
crossing topology,crossing_90_e_6,direct_mlp,18434,6000.0,0.36495814351903527,0.12276966423431919,0.17724285825151834,15.805936337434611,0.8125251428694453,retrained_without_wall
crossing topology,crossing_90_e_6,tensor_prior,10,6000.0,0.39529273566718715,0.1314806799648045,0.18384631101636334,18.505802762774184,0.7800648820531587,retrained_without_wall
crossing topology,crossing_90_e_6,tensor_residual,18700,6000.0,0.35732481250612114,0.12003792880527282,0.1662499123399106,15.759142662665306,0.8202854404662155,retrained_without_wall
crossing topology,crossing_90_e_6,gel_ped,37134,6000.0,0.3581215191914483,0.12037961962080423,0.16987146815969803,15.588513557749051,0.8194831485127465,retrained_without_wall
corridor held-out,bi_corr_400_a_03,direct_mlp,18434,6000.0,0.18007854863301676,0.06106196475231429,0.0777176268810438,13.74874310106827,0.8607020097603053,wall_zeroed_at_inference
corridor held-out,bi_corr_400_a_03,tensor_prior,10,6000.0,0.20684583290745803,0.07118253750461115,0.08874233697685915,18.460662318125085,0.8162131479119111,wall_zeroed_at_inference
corridor held-out,bi_corr_400_a_03,gel_ped,37134,6000.0,0.1794581777756687,0.060965484727759395,0.07686702555150816,14.260207655135979,0.8616601201177299,wall_zeroed_at_inference
corridor held-out,bi_corr_400_b_02,direct_mlp,18434,4507.0,0.19647005527344957,0.06636387876379334,0.06901197603097313,5.3598563135315445,0.975560079115138,wall_zeroed_at_inference
corridor held-out,bi_corr_400_b_02,tensor_prior,10,4507.0,0.21164687300865287,0.07025911792298958,0.07244598129826829,5.700238365759675,0.9716383969888021,wall_zeroed_at_inference
corridor held-out,bi_corr_400_b_02,gel_ped,37134,4507.0,0.19512169399668966,0.06581850056290647,0.06737522417818982,5.345402135177292,0.9758943871890746,wall_zeroed_at_inference
corridor held-out,bi_corr_400_b_04,direct_mlp,18434,6000.0,0.19369386493476964,0.06563127814678803,0.08232398683503232,12.521086551864913,0.883404080284696,wall_zeroed_at_inference
corridor held-out,bi_corr_400_b_04,tensor_prior,10,6000.0,0.21761021156445864,0.07454255400819364,0.09295400303808432,15.683529456606802,0.8528330922232872,wall_zeroed_at_inference
corridor held-out,bi_corr_400_b_04,gel_ped,37134,6000.0,0.19292547695976853,0.06538277943801503,0.08097063773155702,12.652327516588945,0.8843273227229385,wall_zeroed_at_inference
corridor held-out,bi_corr_400_b_06,direct_mlp,18434,6000.0,0.19764192984429135,0.06665652212027884,0.08432795133438498,15.675742829198585,0.8058404541113209,wall_zeroed_at_inference
corridor held-out,bi_corr_400_b_06,tensor_prior,10,6000.0,0.21900751269653188,0.07438120370681288,0.09536650828586783,19.81012207345743,0.7615932202398561,wall_zeroed_at_inference
corridor held-out,bi_corr_400_b_06,gel_ped,37134,6000.0,0.19721121868163075,0.06656910108870029,0.08307493430441314,16.03757025087036,0.8066857763776502,wall_zeroed_at_inference
corridor held-out,bi_corr_400_b_10,direct_mlp,18434,6000.0,0.17262621699044647,0.05800270287864817,0.07010541686899936,12.599748844211149,0.8739665543388586,wall_zeroed_at_inference
corridor held-out,bi_corr_400_b_10,tensor_prior,10,6000.0,0.1984797038305272,0.06806194599018382,0.0815475936761851,16.61247292749269,0.8333886783267901,wall_zeroed_at_inference
corridor held-out,bi_corr_400_b_10,gel_ped,37134,6000.0,0.173180021048963,0.058264252181036924,0.07026681433769558,12.751716218155396,0.8731565986492491,wall_zeroed_at_inference
altered geometry,bi_corr_400_a_04,direct_mlp,18434,6000.0,0.1890942726841042,0.06373618713754901,0.08079234423492128,15.977781462224865,0.8025385682877958,wall_zeroed_at_inference
altered geometry,bi_corr_400_a_04,tensor_prior,10,6000.0,0.21084706904366743,0.07180489964666138,0.09234642289762053,20.175869576697888,0.7544948153599123,wall_zeroed_at_inference
altered geometry,bi_corr_400_a_04,gel_ped,37134,6000.0,0.18795976828697158,0.06332734929307515,0.07960982021592235,16.296809676534405,0.8049008697267415,wall_zeroed_at_inference
altered geometry,bi_corr_400_a_05,direct_mlp,18434,6000.0,0.18359324806059274,0.062167942411495716,0.07740478927561042,16.113720903688368,0.7871088526247723,wall_zeroed_at_inference
altered geometry,bi_corr_400_a_05,tensor_prior,10,6000.0,0.19995956567739187,0.06921039133781266,0.0854560066999628,20.7525634423108,0.7474609388427094,wall_zeroed_at_inference
altered geometry,bi_corr_400_a_05,gel_ped,37134,6000.0,0.18287146880964794,0.06198239178944338,0.07636072642200659,16.45625234032625,0.7887794844580832,wall_zeroed_at_inference
altered geometry,bi_corr_400_b_08,direct_mlp,18434,6000.0,0.18907247466170718,0.06419758369574124,0.08285504389717746,17.46931704876742,0.7563042707473681,wall_zeroed_at_inference
altered geometry,bi_corr_400_b_08,tensor_prior,10,6000.0,0.2076940710939416,0.07020718423572264,0.09098653207576303,21.189084696806813,0.7059375984423768,wall_zeroed_at_inference
altered geometry,bi_corr_400_b_08,gel_ped,37134,6000.0,0.1864652518211499,0.0631984820871961,0.08106850850565664,17.455962718187934,0.76297883665991,wall_zeroed_at_inference
