condition,dataset,model,runs,mean_rmse_mps,sd_rmse_mps
retrained_without_wall,corridor held-out,constant_velocity,5,0.23152649726568372,0.008119151500733751
retrained_without_wall,corridor held-out,social_force,5,0.2254714006393926,0.006740373441791137
retrained_without_wall,corridor held-out,unrestricted_linear,5,0.21022277518746701,0.010430964880449313
retrained_without_wall,corridor held-out,direct_mlp,5,0.18443454287909483,0.011858103191875004
retrained_without_wall,corridor held-out,tensor_prior,5,0.21065626364701995,0.008485884585166047
retrained_without_wall,corridor held-out,tensor_residual,5,0.1860213669930749,0.010550808475513113
retrained_without_wall,corridor held-out,gel_ped,5,0.183632842368835,0.011147752424681927
retrained_without_wall,altered geometry,constant_velocity,3,0.22908795853135225,0.002075870029075662
retrained_without_wall,altered geometry,social_force,3,0.22413161741299692,0.0034276852627359512
retrained_without_wall,altered geometry,unrestricted_linear,3,0.20424348409537516,0.0062938133520767554
retrained_without_wall,altered geometry,direct_mlp,3,0.18228295775337547,0.003674173943986892
retrained_without_wall,altered geometry,tensor_prior,3,0.20560396949035664,0.005642729354613109
retrained_without_wall,altered geometry,tensor_residual,3,0.18396489076932263,0.0031800261343278564
retrained_without_wall,altered geometry,gel_ped,3,0.18100532913578019,0.0032311483894497516
retrained_without_wall,crossing topology,constant_velocity,13,0.4126954378500812,0.016012422505198562
retrained_without_wall,crossing topology,social_force,13,0.3996910527165299,0.01242342588426915
retrained_without_wall,crossing topology,unrestricted_linear,13,0.37240927326613843,0.025016988625429015
retrained_without_wall,crossing topology,direct_mlp,13,0.36350043648601127,0.014435061284885514
retrained_without_wall,crossing topology,tensor_prior,13,0.3694581524077891,0.024157023822835598
retrained_without_wall,crossing topology,tensor_residual,13,0.35171832926897745,0.014658790220209581
retrained_without_wall,crossing topology,gel_ped,13,0.3544662467017346,0.013781890785758694
wall_zeroed_at_inference,corridor held-out,direct_mlp,5,0.18810212313519475,0.011137540072470377
wall_zeroed_at_inference,corridor held-out,tensor_prior,5,0.2107180268015257,0.008394208973782619
wall_zeroed_at_inference,corridor held-out,gel_ped,5,0.18757931769254413,0.010624676857047793
wall_zeroed_at_inference,altered geometry,direct_mlp,3,0.1872533318021347,0.003169744238068741
wall_zeroed_at_inference,altered geometry,tensor_prior,3,0.20616690193833365,0.00560210822905499
wall_zeroed_at_inference,altered geometry,gel_ped,3,0.18576549630592312,0.002615328130187627
