dataset,model,mean_rmse_mps,sd_across_seeds_mps,min_rmse_mps,max_rmse_mps
corridor held-out,direct_mlp,0.1852187735837281,0.003098872032451272,0.1811797956072402,0.18836719104348681
corridor held-out,direct_routed_control,0.17627064195343187,0.00022410635474468733,0.1759273167643911,0.1764774592923995
corridor held-out,gel_ped,0.17496202328772628,0.00019906428773634437,0.17463615417114572,0.17514826730194974
altered geometry,direct_mlp,0.18372350344491284,0.0035469142071888854,0.1792171261513927,0.1878726292710978
altered geometry,direct_routed_control,0.17010469766733224,0.0005160445311365106,0.16945538599672175,0.1706327556594576
altered geometry,gel_ped,0.16880227867072733,0.0007240059201702298,0.16773122417299743,0.16975568389048104
crossing topology,direct_mlp,0.365141137045279,0.007874445154207248,0.35529269492914217,0.37532957195579036
crossing topology,direct_routed_control,0.3662087100865393,0.007727031394692396,0.35796440887150993,0.37723295224288467
crossing topology,gel_ped,0.35439397161197,0.002725891420128966,0.3511420914733038,0.3575161936787242
