dataset,run,model,parameters,samples,vector_rmse_mps,displacement_mae_m,speed_mae_mps,median_angle_deg,vector_r2
corridor held-out,bi_corr_400_a_03,direct_mlp,18434,6000.0,0.17173918363162863,0.05843834751368904,0.07798195002125916,13.201318264823204,0.8733049418080745
corridor held-out,bi_corr_400_a_03,hgb_direct,-1,6000.0,0.16595458826950152,0.056687618635309314,0.07641991963591432,13.35176743723386,0.8816960036743648
corridor held-out,bi_corr_400_a_03,direct_routed_control,-1,6000.0,0.16595458826950152,0.056687618635309314,0.07641991963591432,13.35176743723386,0.8816960036743648
corridor held-out,bi_corr_400_a_03,kinematic_residual_hgb,-1,6000.0,0.16528887672401169,0.05620227467240288,0.07556280374841784,12.800875203367585,0.882643231167822
corridor held-out,bi_corr_400_a_03,kinematic_residual_mlp,18690,6000.0,0.17427401243739316,0.05939125033380837,0.07535013097021549,13.931310600322167,0.8695373644101084
corridor held-out,bi_corr_400_a_03,fixed_blend_gel_ped,37134,6000.0,0.17070615963989125,0.05816746897115972,0.07540692363650921,13.546194097399347,0.8748245182776071
corridor held-out,bi_corr_400_a_03,gel_ped,-1,6000.0,0.16528887672401169,0.05620227467240288,0.07556280374841784,12.800875203367585,0.882643231167822
corridor held-out,bi_corr_400_b_02,direct_mlp,18434,4507.0,0.1942492557457024,0.06542335142227089,0.07065719624908312,5.1487989699335515,0.9761094698030406
corridor held-out,bi_corr_400_b_02,hgb_direct,-1,4507.0,0.19284279545846061,0.06429352748767388,0.06803159656561021,5.007480946830848,0.9764541757597557
corridor held-out,bi_corr_400_b_02,direct_routed_control,-1,4507.0,0.19284279545846061,0.06429352748767388,0.06803159656561021,5.007480946830848,0.9764541757597557
corridor held-out,bi_corr_400_b_02,kinematic_residual_hgb,-1,4507.0,0.19136051852587008,0.0639446986429741,0.06687531501086837,5.029883055235004,0.9768147523418604
corridor held-out,bi_corr_400_b_02,kinematic_residual_mlp,18690,4507.0,0.19330157582788307,0.06472478899396528,0.06608920583489535,5.157324705351238,0.9763420096657803
corridor held-out,bi_corr_400_b_02,fixed_blend_gel_ped,37134,4507.0,0.1927988417374232,0.06479208048565895,0.06821920263538024,5.129457854564159,0.9764649079070978
corridor held-out,bi_corr_400_b_02,gel_ped,-1,4507.0,0.19136051852587008,0.0639446986429741,0.06687531501086837,5.029883055235004,0.9768147523418604
corridor held-out,bi_corr_400_b_04,direct_mlp,18434,6000.0,0.18759798003784658,0.06343032772867889,0.08083593133743894,12.08493849864904,0.8906275506781832
corridor held-out,bi_corr_400_b_04,hgb_direct,-1,6000.0,0.18364801928070376,0.062197169184130346,0.08065926142515295,11.76694624084847,0.8951848356416022
corridor held-out,bi_corr_400_b_04,direct_routed_control,-1,6000.0,0.18364801928070376,0.062197169184130346,0.08065926142515295,11.76694624084847,0.8951848356416022
corridor held-out,bi_corr_400_b_04,kinematic_residual_hgb,-1,6000.0,0.18226563525162234,0.06177989570692898,0.07899233991885893,11.751912358881746,0.8967568588234537
corridor held-out,bi_corr_400_b_04,kinematic_residual_mlp,18690,6000.0,0.18772029043830415,0.06355234740859247,0.07865695498887305,12.13042995403048,0.890484886572981
corridor held-out,bi_corr_400_b_04,fixed_blend_gel_ped,37134,6000.0,0.1859146099274296,0.06285519021315561,0.07861879374318699,12.03427997153371,0.8925816043089487
corridor held-out,bi_corr_400_b_04,gel_ped,-1,6000.0,0.18226563525162234,0.06177989570692898,0.07899233991885893,11.751912358881746,0.8967568588234537
corridor held-out,bi_corr_400_b_06,direct_mlp,18434,6000.0,0.18923438900026968,0.06406559641025238,0.08286096913388802,14.993420917894536,0.8220079108883782
corridor held-out,bi_corr_400_b_06,hgb_direct,-1,6000.0,0.18144381972651533,0.06147150137230996,0.0809364324878983,14.834102147665865,0.836361708725749
corridor held-out,bi_corr_400_b_06,direct_routed_control,-1,6000.0,0.18144381972651533,0.06147150137230996,0.0809364324878983,14.834102147665865,0.836361708725749
corridor held-out,bi_corr_400_b_06,kinematic_residual_hgb,-1,6000.0,0.18105801346429168,0.06130901200058497,0.07999117037516312,14.942068600414432,0.8370568611724679
corridor held-out,bi_corr_400_b_06,kinematic_residual_mlp,18690,6000.0,0.1913337747978869,0.06485443293976755,0.08023283177904038,15.818397055029342,0.8180366786485485
corridor held-out,bi_corr_400_b_06,fixed_blend_gel_ped,37134,6000.0,0.18800313417815942,0.06365774582801514,0.0804069649690354,15.247610850617978,0.824316589104076
corridor held-out,bi_corr_400_b_06,gel_ped,-1,6000.0,0.18105801346429168,0.06130901200058497,0.07999117037516312,14.942068600414432,0.8370568611724679
corridor held-out,bi_corr_400_b_10,direct_mlp,18434,6000.0,0.16307816962075378,0.05512420841349691,0.06905116804427697,11.895120786934687,0.8875229390249736
corridor held-out,bi_corr_400_b_10,hgb_direct,-1,6000.0,0.1570126029477326,0.05344121653008384,0.06841366045854724,11.960210835138652,0.8957343320351424
corridor held-out,bi_corr_400_b_10,direct_routed_control,-1,6000.0,0.1570126029477326,0.05344121653008384,0.06841366045854724,11.960210835138652,0.8957343320351424
corridor held-out,bi_corr_400_b_10,kinematic_residual_hgb,-1,6000.0,0.1554017970517505,0.05293515487687957,0.06762398940952406,11.738073214154515,0.8978626992334291
corridor held-out,bi_corr_400_b_10,kinematic_residual_mlp,18690,6000.0,0.16798594737055533,0.05684200090606616,0.06866594439928457,12.679084934968996,0.8806511581579627
corridor held-out,bi_corr_400_b_10,fixed_blend_gel_ped,37134,6000.0,0.16384329906916908,0.055451021954663185,0.06794008095536379,12.218726363944524,0.886465024300454
corridor held-out,bi_corr_400_b_10,gel_ped,-1,6000.0,0.1554017970517505,0.05293515487687957,0.06762398940952406,11.738073214154515,0.8978626992334291
altered geometry,bi_corr_400_a_04,direct_mlp,18434,6000.0,0.17929851706081537,0.06061327623792411,0.07980331743235157,14.935942180289093,0.8224670675596705
altered geometry,bi_corr_400_a_04,hgb_direct,-1,6000.0,0.17093866685373588,0.05775471181438563,0.07869412052647487,14.375407689977417,0.838636183661905
altered geometry,bi_corr_400_a_04,direct_routed_control,-1,6000.0,0.17093866685373588,0.05775471181438563,0.07869412052647487,14.375407689977417,0.838636183661905
altered geometry,bi_corr_400_a_04,kinematic_residual_hgb,-1,6000.0,0.1695439503116348,0.05732534906270828,0.07747319051099386,14.38133022406598,0.8412586288992895
altered geometry,bi_corr_400_a_04,kinematic_residual_mlp,18690,6000.0,0.18245471388676957,0.06151557991292377,0.0779100809116339,15.839118445221327,0.8161618216534009
altered geometry,bi_corr_400_a_04,fixed_blend_gel_ped,37134,6000.0,0.17814832484190754,0.06012981694020091,0.07733226522724601,15.304630183837828,0.8247374939232933
altered geometry,bi_corr_400_a_04,gel_ped,-1,6000.0,0.1695439503116348,0.05732534906270828,0.07747319051099386,14.38133022406598,0.8412586288992895
altered geometry,bi_corr_400_a_05,direct_mlp,18434,6000.0,0.17442600935374408,0.059176508729363655,0.07529251176527119,15.120642090445157,0.8078383665952998
altered geometry,bi_corr_400_a_05,hgb_direct,-1,6000.0,0.16403992305730403,0.05614402401238414,0.0744525510842397,15.105699979116528,0.8300413370502415
altered geometry,bi_corr_400_a_05,direct_routed_control,-1,6000.0,0.16403992305730403,0.05614402401238414,0.0744525510842397,15.105699979116528,0.8300413370502415
altered geometry,bi_corr_400_a_05,kinematic_residual_hgb,-1,6000.0,0.16313710443217594,0.055670890590156674,0.07346603630224,14.466981153866982,0.831906975588842
altered geometry,bi_corr_400_a_05,kinematic_residual_mlp,18690,6000.0,0.1765555211086397,0.060017237928890355,0.0740391858858273,15.988760868719169,0.8031176438205367
altered geometry,bi_corr_400_a_05,fixed_blend_gel_ped,37134,6000.0,0.1731457764507406,0.058800308751047,0.07361397074763028,15.331220075882143,0.8106488284298929
altered geometry,bi_corr_400_a_05,gel_ped,-1,6000.0,0.16313710443217594,0.055670890590156674,0.07346603630224,14.466981153866982,0.831906975588842
altered geometry,bi_corr_400_b_08,direct_mlp,18434,6000.0,0.18392685203961862,0.062376248354652365,0.0818606298993583,16.443463937774435,0.7693881727085612
altered geometry,bi_corr_400_b_08,hgb_direct,-1,6000.0,0.17694104795814702,0.06001195169702374,0.07994589811593288,16.910125683429563,0.7865734267002503
altered geometry,bi_corr_400_b_08,direct_routed_control,-1,6000.0,0.17521224589795092,0.05952396974904159,0.0801879093641654,16.154899102935953,0.7907236200262143
altered geometry,bi_corr_400_b_08,kinematic_residual_hgb,-1,6000.0,0.1744772173977078,0.059614637026751155,0.0786177622203171,17.099728960083944,0.7924757972339339
altered geometry,bi_corr_400_b_08,kinematic_residual_mlp,18690,6000.0,0.18326080301626055,0.06198982879234462,0.07917820282054243,16.67675733349109,0.7710553645211102
altered geometry,bi_corr_400_b_08,fixed_blend_gel_ped,37134,6000.0,0.18104387807108915,0.061225002226960125,0.07924085880893168,16.413390223352003,0.7765609947929641
altered geometry,bi_corr_400_b_08,gel_ped,-1,6000.0,0.17430791621126196,0.05955074086973949,0.07855284273498485,16.99484152663417,0.7928783374436461
crossing topology,crossing_90_d_1,direct_mlp,18434,6000.0,0.3708126811860373,0.1286019588365886,0.20780763634572824,8.636835801388102,0.8903235206664123
crossing topology,crossing_90_d_1,hgb_direct,-1,6000.0,0.41836832578907424,0.14351251339865975,0.22985722120858781,9.23031363558847,0.8603882601089564
crossing topology,crossing_90_d_1,direct_routed_control,-1,6000.0,0.37100638048211626,0.12867152107866456,0.20791706792818634,8.653168156403703,0.8902089085911417
crossing topology,crossing_90_d_1,kinematic_residual_hgb,-1,6000.0,0.3524659270961887,0.1218049897793949,0.16539866348578383,9.367145644904753,0.9009079928448609
crossing topology,crossing_90_d_1,kinematic_residual_mlp,18690,6000.0,0.33776530568344887,0.11589138784694163,0.16567497362349903,8.570088104905311,0.9090014606888126
crossing topology,crossing_90_d_1,fixed_blend_gel_ped,37134,6000.0,0.3499514686900805,0.12085024023573405,0.184673659273158,8.463068795206443,0.9023167757068109
crossing topology,crossing_90_d_1,gel_ped,-1,6000.0,0.3381121506267367,0.11609643430004866,0.16516440385446549,8.558292230359097,0.9088144752993189
crossing topology,crossing_90_d_2,direct_mlp,18434,6000.0,0.3868801521536792,0.1340997931180579,0.2299333169202615,6.86268465186224,0.9070499000065788
crossing topology,crossing_90_d_2,hgb_direct,-1,6000.0,0.4385467822156434,0.1513223240420599,0.2671840029761252,7.144822369098805,0.8805657686477869
crossing topology,crossing_90_d_2,direct_routed_control,-1,6000.0,0.3869541771265927,0.13412813906037357,0.23000479563359486,6.867207299745562,0.9070143267839167
crossing topology,crossing_90_d_2,kinematic_residual_hgb,-1,6000.0,0.35712167769958975,0.12169897044516226,0.17246654993090946,7.0802861559058,0.9207992329517964
crossing topology,crossing_90_d_2,kinematic_residual_mlp,18690,6000.0,0.3488700928483254,0.11854693017838232,0.1763505151229647,6.786620913779333,0.9244169447809191
crossing topology,crossing_90_d_2,fixed_blend_gel_ped,37134,6000.0,0.36178062693490104,0.12412827518414467,0.19949152678054238,6.649268103531679,0.9187192737541316
crossing topology,crossing_90_d_2,gel_ped,-1,6000.0,0.34849350213066077,0.11841549834258654,0.17560185546137344,6.7763590464331624,0.9245800342219876
crossing topology,crossing_90_d_3,direct_mlp,18434,6000.0,0.36463845408124124,0.1267995189023344,0.20368795379044077,5.974094476916749,0.9165345377415154
crossing topology,crossing_90_d_3,hgb_direct,-1,6000.0,0.3912682453291796,0.13389241404619331,0.21322945852893432,6.179657343864232,0.9038982988964074
crossing topology,crossing_90_d_3,direct_routed_control,-1,6000.0,0.36473183276305127,0.12681549638535364,0.2036547973088606,5.971271368816527,0.9164917836506755
crossing topology,crossing_90_d_3,kinematic_residual_hgb,-1,6000.0,0.34446135978350295,0.11773657209214582,0.157388491325013,6.1503562745106155,0.9255160168663161
crossing topology,crossing_90_d_3,kinematic_residual_mlp,18690,6000.0,0.33507960131950565,0.11436646097205116,0.16217946363536276,5.759764637833099,0.9295180599305805
crossing topology,crossing_90_d_3,fixed_blend_gel_ped,37134,6000.0,0.3457064619499352,0.11908481231286608,0.1807731019219134,5.8163918477128975,0.9249765788302863
crossing topology,crossing_90_d_3,gel_ped,-1,6000.0,0.33490340674763347,0.11428018255008499,0.16063320572812953,5.802403588622081,0.9295921633388057
crossing topology,crossing_90_d_5,direct_mlp,18434,6000.0,0.3636770434880253,0.12552759237481578,0.1879606358537695,8.941900886056267,0.8745127085455475
crossing topology,crossing_90_d_5,hgb_direct,-1,6000.0,0.38824984648934097,0.13221662601953427,0.1889918155600588,9.476127143434017,0.8569820478157358
crossing topology,crossing_90_d_5,direct_routed_control,-1,6000.0,0.36417748906009256,0.125668511190603,0.1876877553679207,8.99351877223998,0.8741671119849584
crossing topology,crossing_90_d_5,kinematic_residual_hgb,-1,6000.0,0.36131388188289154,0.12460894042775544,0.16476717859609818,9.563039957974276,0.8761382347030147
crossing topology,crossing_90_d_5,kinematic_residual_mlp,18690,6000.0,0.3469122753273204,0.11944993578204653,0.16537328157844444,8.946789521836372,0.8858154605034368
crossing topology,crossing_90_d_5,fixed_blend_gel_ped,37134,6000.0,0.35287051966545835,0.12168725706672952,0.17597919658849862,8.859780910601144,0.8818595219291004
crossing topology,crossing_90_d_5,gel_ped,-1,6000.0,0.3484680544779714,0.12004795613966202,0.16472211966652303,9.098778733881577,0.8847890092753503
crossing topology,crossing_90_d_6,direct_mlp,18434,6000.0,0.34681150780847536,0.1186618887213959,0.17198384907640624,12.031590171171569,0.8494517414168851
crossing topology,crossing_90_d_6,hgb_direct,-1,6000.0,0.3681805533625951,0.12597848195589137,0.17399265758781446,13.46644323396298,0.830327902296919
crossing topology,crossing_90_d_6,direct_routed_control,-1,6000.0,0.3475313610078452,0.11896250599040643,0.17166302127489727,12.135511337636057,0.8488261271333629
crossing topology,crossing_90_d_6,kinematic_residual_hgb,-1,6000.0,0.353357380178157,0.12155697376157237,0.15947020790472527,13.606844322673219,0.8437150818360567
crossing topology,crossing_90_d_6,kinematic_residual_mlp,18690,6000.0,0.3354717650522346,0.11409645699399229,0.15596427343134792,11.970341431904798,0.8591357834017411
crossing topology,crossing_90_d_6,fixed_blend_gel_ped,37134,6000.0,0.3396703710338301,0.11585386054043881,0.1633525526913382,11.93847696062304,0.8555877388005215
crossing topology,crossing_90_d_6,gel_ped,-1,6000.0,0.3382662101595823,0.11540521130235326,0.15644408940900734,12.364245205893237,0.8567792405201209
crossing topology,crossing_90_d_7,direct_mlp,18434,6000.0,0.35142720192926175,0.11939969616699656,0.1776070278964918,13.838571239288196,0.8256605781174711
crossing topology,crossing_90_d_7,hgb_direct,-1,6000.0,0.3804364718845845,0.12764940572153835,0.19058563568098785,14.613445039196373,0.7956902261601958
crossing topology,crossing_90_d_7,direct_routed_control,-1,6000.0,0.35149042638176026,0.11942439021096006,0.17769567370358935,13.8359816531695,0.8255978424729085
crossing topology,crossing_90_d_7,kinematic_residual_hgb,-1,6000.0,0.34751854109028846,0.1189711116419363,0.162198131118042,14.749796011791254,0.8295171044751605
crossing topology,crossing_90_d_7,kinematic_residual_mlp,18690,6000.0,0.338580984245128,0.11427116115607759,0.15757634103526602,13.537357704252898,0.8381733743541868
crossing topology,crossing_90_d_7,fixed_blend_gel_ped,37134,6000.0,0.34342824413559236,0.11631879089425384,0.1677974195528153,13.572066048552747,0.8335066579586743
crossing topology,crossing_90_d_7,gel_ped,-1,6000.0,0.33817586163694713,0.11433726944296302,0.157611135862299,13.587785373187415,0.8385604037837493
crossing topology,crossing_90_d_8,direct_mlp,18434,6000.0,0.3565738385871709,0.11943411390593028,0.18439337793378502,15.137673566710511,0.8090885887983892
crossing topology,crossing_90_d_8,hgb_direct,-1,6000.0,0.3790209572250698,0.12732856974470438,0.19298948013464495,17.037408402047674,0.7842954115500435
crossing topology,crossing_90_d_8,direct_routed_control,-1,6000.0,0.3566056675199072,0.11946300850529004,0.18444833518822187,15.139029883172407,0.8090545045386235
crossing topology,crossing_90_d_8,kinematic_residual_hgb,-1,6000.0,0.35426449674511973,0.12038013733888567,0.1726784001791514,16.95451453116598,0.8115534473441782
crossing topology,crossing_90_d_8,kinematic_residual_mlp,18690,6000.0,0.3431803520843843,0.11467209659937905,0.16530767417719472,15.120957952782007,0.823161115704288
crossing topology,crossing_90_d_8,fixed_blend_gel_ped,37134,6000.0,0.34721238265176335,0.11611375494069849,0.17407524626679424,14.998381559283143,0.8189813401305768
crossing topology,crossing_90_d_8,gel_ped,-1,6000.0,0.34310860436479534,0.1148722282276191,0.16589134463699656,15.424978653636995,0.8232350503588011
crossing topology,crossing_90_e_1,direct_mlp,18434,6000.0,0.35232673296569655,0.12093158614741771,0.16965441915584495,10.82585267571817,0.8732484142226842
crossing topology,crossing_90_e_1,hgb_direct,-1,6000.0,0.3750074627205231,0.12817899096950788,0.17659927017723612,11.605618758733431,0.8564041037250383
crossing topology,crossing_90_e_1,direct_routed_control,-1,6000.0,0.35268118272423493,0.12107099562502487,0.169717870681426,10.890946091528024,0.8729932552258722
crossing topology,crossing_90_e_1,kinematic_residual_hgb,-1,6000.0,0.3533190792274706,0.12121633173023985,0.15427884628012437,11.68131469360567,0.8725334040602681
crossing topology,crossing_90_e_1,kinematic_residual_mlp,18690,6000.0,0.3401437469538105,0.11599001737543456,0.15189729148225825,10.900941577018164,0.8818626591864763
crossing topology,crossing_90_e_1,fixed_blend_gel_ped,37134,6000.0,0.3445984449594973,0.11787023383589706,0.15998063559215503,10.910253258249742,0.8787480212844178
crossing topology,crossing_90_e_1,gel_ped,-1,6000.0,0.3414964382663068,0.11661756575019751,0.15166571564304818,11.121698017917163,0.8809211683560647
crossing topology,crossing_90_e_2,direct_mlp,18434,6000.0,0.3787205871359969,0.12881206142431978,0.17936721347813697,12.635767023073504,0.8510457990438776
crossing topology,crossing_90_e_2,hgb_direct,-1,6000.0,0.39649869109690056,0.13415834644986563,0.18498811256503345,13.487738702328624,0.8367329881214156
crossing topology,crossing_90_e_2,direct_routed_control,-1,6000.0,0.37870110557129694,0.1288090047396135,0.1793490470255199,12.605738617435943,0.8510611231977011
crossing topology,crossing_90_e_2,kinematic_residual_hgb,-1,6000.0,0.37345439117604534,0.12745874869775042,0.1652622906070816,13.28645165121069,0.855159482083313
crossing topology,crossing_90_e_2,kinematic_residual_mlp,18690,6000.0,0.3676908363453864,0.12426635814167675,0.16211699761471068,12.38701618164287,0.8595956571224851
crossing topology,crossing_90_e_2,fixed_blend_gel_ped,37134,6000.0,0.37173150543878536,0.12597965006185316,0.170136156807009,12.505626668084691,0.856492807110069
crossing topology,crossing_90_e_2,gel_ped,-1,6000.0,0.3669778026005814,0.12422837088642896,0.16205566677540512,12.447818869169271,0.8601396791859117
crossing topology,crossing_90_e_3,direct_mlp,18434,6000.0,0.3868456343454715,0.13358989429407844,0.185687380004831,12.826123223474456,0.8226178788690883
crossing topology,crossing_90_e_3,hgb_direct,-1,6000.0,0.3998867920491704,0.1375167678554267,0.18393912386089475,13.486089109433019,0.8104566449785711
crossing topology,crossing_90_e_3,direct_routed_control,-1,6000.0,0.3867276163805158,0.13356121702183124,0.18526818406980597,12.846661212286637,0.8227260930083048
crossing topology,crossing_90_e_3,kinematic_residual_hgb,-1,6000.0,0.3863935138897495,0.13343545117019212,0.17078708744461585,13.537153084828534,0.8230322623498774
crossing topology,crossing_90_e_3,kinematic_residual_mlp,18690,6000.0,0.3760280738818459,0.12930586873022884,0.17056053672287988,12.806013711896936,0.8323996257961761
crossing topology,crossing_90_e_3,fixed_blend_gel_ped,37134,6000.0,0.3803712865564562,0.13114004589773007,0.17786704188581803,12.786018746993955,0.8285056191118403
crossing topology,crossing_90_e_3,gel_ped,-1,6000.0,0.37688213033213924,0.12978250479316975,0.17002865009563098,13.034054701864513,0.8316374341158572
crossing topology,crossing_90_e_4,direct_mlp,18434,6000.0,0.3783638371451355,0.12931579452540956,0.17247865110802027,16.90770377580185,0.7872891174402256
crossing topology,crossing_90_e_4,hgb_direct,-1,6000.0,0.4005698844784977,0.1364176107354429,0.18075061435037715,18.614319230605183,0.7615885782911034
crossing topology,crossing_90_e_4,direct_routed_control,-1,6000.0,0.378486666733253,0.1293825193679954,0.17257978786455586,16.966159227873597,0.7871509888538836
crossing topology,crossing_90_e_4,kinematic_residual_hgb,-1,6000.0,0.37655313878214575,0.12990911703199845,0.16312244173064555,18.130556571149587,0.7893201447713267
crossing topology,crossing_90_e_4,kinematic_residual_mlp,18690,6000.0,0.3685932263243639,0.12544109173798076,0.15773077477449715,17.048691652577652,0.798133075284529
crossing topology,crossing_90_e_4,fixed_blend_gel_ped,37134,6000.0,0.3725857326759274,0.12710491743449068,0.16496433575696665,16.9770959687621,0.7937362504434325
crossing topology,crossing_90_e_4,gel_ped,-1,6000.0,0.36840826907622615,0.12574490575032474,0.15816719620399733,17.128210300480042,0.7983356149980789
crossing topology,crossing_90_e_5,direct_mlp,18434,6000.0,0.3751999425249147,0.1278572424303228,0.17166586539542344,18.383175202195243,0.7519164489725991
crossing topology,crossing_90_e_5,hgb_direct,-1,6000.0,0.40049122096997253,0.13527550778277259,0.18386296759615403,20.199322720866537,0.7173438466699973
crossing topology,crossing_90_e_5,direct_routed_control,-1,6000.0,0.37536007891024564,0.12792672197789265,0.17188939232854325,18.443018045347067,0.7517046382740423
crossing topology,crossing_90_e_5,kinematic_residual_hgb,-1,6000.0,0.3719510282940957,0.1276013050861473,0.1639768935974998,19.82438317077419,0.7561942349728215
crossing topology,crossing_90_e_5,kinematic_residual_mlp,18690,6000.0,0.36643602840825684,0.12433840079125376,0.15703105363010855,18.549678642802675,0.7633705587775963
crossing topology,crossing_90_e_5,fixed_blend_gel_ped,37134,6000.0,0.37083873007158896,0.12611736721396843,0.16499739985972883,18.43444330187863,0.7576502290005415
crossing topology,crossing_90_e_5,gel_ped,-1,6000.0,0.3656715019338194,0.12433547155766456,0.15787436814826333,18.718024988952287,0.7643569287580003
crossing topology,crossing_90_e_6,direct_mlp,18434,6000.0,0.37159500277443275,0.1250948761375989,0.18296257903082658,16.21307472069104,0.805644585652651
crossing topology,crossing_90_e_6,hgb_direct,-1,6000.0,0.4033860074664858,0.1338715210721799,0.19637790949652545,17.904723001800896,0.7709667305318522
crossing topology,crossing_90_e_6,direct_routed_control,-1,6000.0,0.37166341565697003,0.1251161161921914,0.18303358126996475,16.234326710890493,0.8055730150555871
crossing topology,crossing_90_e_6,kinematic_residual_hgb,-1,6000.0,0.3607484466999252,0.12304606113429456,0.16584021815021632,17.170598204789506,0.8168251462795733
crossing topology,crossing_90_e_6,kinematic_residual_mlp,18690,6000.0,0.3568339721234951,0.12004436464315356,0.1624410579081228,16.100317083891593,0.8207788323287746
crossing topology,crossing_90_e_6,fixed_blend_gel_ped,37134,6000.0,0.36311486387104797,0.12214215997854522,0.17270331311310508,16.147156244668025,0.8144141042201306
crossing topology,crossing_90_e_6,gel_ped,-1,6000.0,0.3558832567995486,0.119870846481546,0.1623613813948298,16.244459764707074,0.8217325606190835
